[
  {
    "id": "d3b45bcf-3105-4cdf-9525-50bc2f9e8bd8",
    "data": [
      {
        "text": "reserve ",
        "userDefined": false
      },
      {
        "text": "a",
        "meta": "@sys.ignore",
        "userDefined": false
      },
      {
        "text": " meeting room, there will be ",
        "userDefined": false
      },
      {
        "text": "5",
        "meta": "@sys.ignore",
        "userDefined": false
      },
      {
        "text": " of us",
        "userDefined": false
      }
    ],
    "isTemplate": false,
    "count": 0,
    "updated": 0
  },
  {
    "id": "e718b65d-c741-431d-86c6-54c3511875c7",
    "data": [
      {
        "text": "I have ",
        "userDefined": false
      },
      {
        "text": "a",
        "meta": "@sys.ignore",
        "userDefined": false
      },
      {
        "text": " meeting ",
        "userDefined": false
      },
      {
        "text": "tomorrow",
        "alias": "date",
        "meta": "@sys.date",
        "userDefined": false
      },
      {
        "text": " let\u0027s book ",
        "userDefined": false
      },
      {
        "text": "a",
        "meta": "@sys.ignore",
        "userDefined": false
      },
      {
        "text": " conference hall",
        "userDefined": false
      }
    ],
    "isTemplate": false,
    "count": 1,
    "updated": 0
  },
  {
    "id": "3253f40f-d21a-4a37-8a42-b05116439b56",
    "data": [
      {
        "text": "I need to book ",
        "userDefined": false
      },
      {
        "text": "a",
        "meta": "@sys.ignore",
        "userDefined": false
      },
      {
        "text": " meeting room on ",
        "userDefined": false
      },
      {
        "text": "next Monday",
        "alias": "date",
        "meta": "@sys.date",
        "userDefined": true
      },
      {
        "text": " at ",
        "userDefined": false
      },
      {
        "text": "11 am",
        "meta": "@sys.ignore",
        "userDefined": true
      }
    ],
    "isTemplate": false,
    "count": 0,
    "updated": 0
  },
  {
    "id": "a6814cc0-e734-4d3f-b1e4-26146a9c6440",
    "data": [
      {
        "text": "help me with room reservation",
        "userDefined": false
      }
    ],
    "isTemplate": false,
    "count": 0,
    "updated": 0
  },
  {
    "id": "052bafce-aa05-414a-875b-7ede9e7adc67",
    "data": [
      {
        "text": "can I book a room for ",
        "userDefined": false
      },
      {
        "text": "one hour",
        "alias": "duration",
        "meta": "@sys.duration",
        "userDefined": false
      },
      {
        "text": " meeting",
        "userDefined": false
      }
    ],
    "isTemplate": false,
    "count": 0,
    "updated": 0
  },
  {
    "id": "70e2faf5-0a25-4970-866c-c4b96748617c",
    "data": [
      {
        "text": "I need to book a huge conference room for ",
        "userDefined": false
      },
      {
        "text": "50",
        "meta": "@sys.ignore",
        "userDefined": false
      },
      {
        "text": " people",
        "userDefined": false
      }
    ],
    "isTemplate": false,
    "count": 0,
    "updated": 0
  },
  {
    "id": "898c54d8-e7fb-4c9a-be94-5b88a41fbe3f",
    "data": [
      {
        "text": "can I need ",
        "userDefined": false
      },
      {
        "text": "a",
        "meta": "@sys.ignore",
        "userDefined": false
      },
      {
        "text": " room at ",
        "userDefined": false
      },
      {
        "text": "10 am",
        "meta": "@sys.ignore",
        "userDefined": false
      },
      {
        "text": " ",
        "userDefined": false
      },
      {
        "text": "tomorrow",
        "alias": "date",
        "meta": "@sys.date",
        "userDefined": false
      },
      {
        "text": " in ",
        "userDefined": false
      },
      {
        "text": "Moscow",
        "alias": "location",
        "meta": "@sys.location",
        "userDefined": true
      }
    ],
    "isTemplate": false,
    "count": 0,
    "updated": 0
  },
  {
    "id": "e2726148-fb7b-4333-83a6-06cc54a672fb",
    "data": [
      {
        "text": "can you book ",
        "userDefined": false
      },
      {
        "text": "a",
        "meta": "@sys.ignore",
        "userDefined": false
      },
      {
        "text": " room for ",
        "userDefined": false
      },
      {
        "text": "20",
        "meta": "@sys.ignore",
        "userDefined": false
      },
      {
        "text": " guests in ",
        "userDefined": false
      },
      {
        "text": "San Francisco",
        "alias": "location",
        "meta": "@sys.location",
        "userDefined": false
      },
      {
        "text": " on ",
        "userDefined": false
      },
      {
        "text": "October 2",
        "alias": "date",
        "meta": "@sys.date",
        "userDefined": false
      }
    ],
    "isTemplate": false,
    "count": 0,
    "updated": 0
  },
  {
    "id": "6a28ff21-164f-416b-91f8-6ce40dde64c4",
    "data": [
      {
        "text": "I have a ",
        "userDefined": false
      },
      {
        "text": "2 hour",
        "alias": "duration",
        "meta": "@sys.duration",
        "userDefined": true
      },
      {
        "text": " meeting ",
        "userDefined": false
      },
      {
        "text": "tomorrow",
        "alias": "date",
        "meta": "@sys.date",
        "userDefined": true
      },
      {
        "text": " in ",
        "userDefined": false
      },
      {
        "text": "Paris",
        "alias": "location",
        "meta": "@sys.location",
        "userDefined": false
      },
      {
        "text": " need ",
        "userDefined": false
      },
      {
        "text": "a",
        "meta": "@sys.ignore",
        "userDefined": false
      },
      {
        "text": " room for it",
        "userDefined": false
      }
    ],
    "isTemplate": false,
    "count": 1,
    "updated": 0
  },
  {
    "id": "2e3c3fcb-ee09-4018-864e-29d968955059",
    "data": [
      {
        "text": "let\u0027s book ",
        "userDefined": false
      },
      {
        "text": "a",
        "meta": "@sys.ignore",
        "userDefined": false
      },
      {
        "text": " conference room for ",
        "userDefined": false
      },
      {
        "text": "10",
        "meta": "@sys.ignore",
        "userDefined": false
      },
      {
        "text": " people ",
        "userDefined": false
      },
      {
        "text": "tomorrow",
        "alias": "date",
        "meta": "@sys.date",
        "userDefined": false
      },
      {
        "text": " in ",
        "userDefined": false
      },
      {
        "text": "London",
        "alias": "location",
        "meta": "@sys.location",
        "userDefined": false
      }
    ],
    "isTemplate": false,
    "count": 0,
    "updated": 0
  },
  {
    "id": "7f223279-9f0e-4082-bdd3-e73144a084fe",
    "data": [
      {
        "text": "new reservation",
        "userDefined": false
      }
    ],
    "isTemplate": false,
    "count": 0,
    "updated": 0
  },
  {
    "id": "89935324-29a1-420f-a77f-25121939b064",
    "data": [
      {
        "text": "I need ",
        "userDefined": false
      },
      {
        "text": "a",
        "meta": "@sys.ignore",
        "userDefined": false
      },
      {
        "text": " room for meeting",
        "userDefined": false
      }
    ],
    "isTemplate": false,
    "count": 0,
    "updated": 0
  },
  {
    "id": "1773a5d3-5e79-4834-a952-9490d7feead8",
    "data": [
      {
        "text": "I need ",
        "userDefined": false
      },
      {
        "text": "a",
        "meta": "@sys.ignore",
        "userDefined": false
      },
      {
        "text": " room",
        "userDefined": false
      }
    ],
    "isTemplate": false,
    "count": 0,
    "updated": 0
  },
  {
    "id": "52ee59b9-0d02-4e95-8804-5bd2f4b17444",
    "data": [
      {
        "text": "room",
        "userDefined": false
      }
    ],
    "isTemplate": false,
    "count": 2,
    "updated": 0
  },
  {
    "id": "8612d4e8-c102-4b31-a9e0-f95acd579fbd",
    "data": [
      {
        "text": "I\u0027d like to reserve a room at ",
        "userDefined": false
      },
      {
        "text": "Marina Heights Building 2",
        "alias": "location",
        "meta": "@sys.location",
        "userDefined": false
      },
      {
        "text": " for an ",
        "userDefined": false
      },
      {
        "text": "hour",
        "alias": "duration",
        "meta": "@sys.duration",
        "userDefined": true
      },
      {
        "text": " long meeting at ",
        "userDefined": false
      },
      {
        "text": "2pm",
        "meta": "@sys.ignore",
        "userDefined": false
      },
      {
        "text": " ",
        "userDefined": false
      },
      {
        "text": "today",
        "alias": "date",
        "meta": "@sys.date",
        "userDefined": false
      }
    ],
    "isTemplate": false,
    "count": 0,
    "updated": 0
  },
  {
    "id": "7a363394-c645-4a60-8d5d-bee22b711557",
    "data": [
      {
        "text": "reserve a room in ",
        "userDefined": false
      },
      {
        "text": "Park Center",
        "alias": "location",
        "meta": "@sys.location",
        "userDefined": false
      }
    ],
    "isTemplate": false,
    "count": 0,
    "updated": 0
  },
  {
    "id": "66e0925f-d8f0-42cd-9690-673e9ebc77bc",
    "data": [
      {
        "text": "I\u0027d love to book a room",
        "userDefined": false
      }
    ],
    "isTemplate": false,
    "count": 1,
    "updated": 0
  },
  {
    "id": "2b28c0e3-af9b-445e-9b9c-4eae906a94e0",
    "data": [
      {
        "text": "please book a room",
        "userDefined": false
      }
    ],
    "isTemplate": false,
    "count": 1,
    "updated": 0
  },
  {
    "id": "8dd5ad45-f87e-4f81-914e-dace25253eb2",
    "data": [
      {
        "text": "please make ",
        "userDefined": false
      },
      {
        "text": "a",
        "meta": "@sys.ignore",
        "userDefined": false
      },
      {
        "text": " room reservation for ",
        "userDefined": false
      },
      {
        "text": "tomorrow",
        "alias": "date",
        "meta": "@sys.date",
        "userDefined": false
      },
      {
        "text": " at ",
        "userDefined": false
      },
      {
        "text": "5 pm",
        "meta": "@sys.ignore",
        "userDefined": false
      }
    ],
    "isTemplate": false,
    "count": 0,
    "updated": 0
  },
  {
    "id": "c5fa87a4-4dae-4f91-8e8c-8c33e711d2a5",
    "data": [
      {
        "text": "I want to book ",
        "userDefined": false
      },
      {
        "text": "a",
        "meta": "@sys.ignore",
        "userDefined": false
      },
      {
        "text": " room for ",
        "userDefined": false
      },
      {
        "text": "a",
        "meta": "@sys.ignore",
        "userDefined": false
      },
      {
        "text": " meeting that will last ",
        "userDefined": false
      },
      {
        "text": "1 hour",
        "alias": "duration",
        "meta": "@sys.duration",
        "userDefined": true
      }
    ],
    "isTemplate": false,
    "count": 0,
    "updated": 0
  },
  {
    "id": "3afc6c77-b812-44c4-8f2d-b0bda993022b",
    "data": [
      {
        "text": "there will be ",
        "userDefined": false
      },
      {
        "text": "155",
        "meta": "@sys.ignore",
        "userDefined": false
      },
      {
        "text": " of us on ",
        "userDefined": false
      },
      {
        "text": "a",
        "meta": "@sys.ignore",
        "userDefined": false
      },
      {
        "text": " meeting ",
        "userDefined": false
      },
      {
        "text": "next Friday",
        "alias": "date",
        "meta": "@sys.date",
        "userDefined": false
      },
      {
        "text": " book us ",
        "userDefined": false
      },
      {
        "text": "a",
        "meta": "@sys.ignore",
        "userDefined": false
      },
      {
        "text": " large room in ",
        "userDefined": false
      },
      {
        "text": "Boston",
        "alias": "location",
        "meta": "@sys.location",
        "userDefined": false
      }
    ],
    "isTemplate": false,
    "count": 0,
    "updated": 0
  },
  {
    "id": "8b997419-af03-4219-95d9-5cedd8799e45",
    "data": [
      {
        "text": "I need ",
        "userDefined": false
      },
      {
        "text": "a",
        "meta": "@sys.ignore",
        "userDefined": false
      },
      {
        "text": " ",
        "userDefined": false
      },
      {
        "text": "70",
        "meta": "@sys.ignore",
        "userDefined": false
      },
      {
        "text": " guests room",
        "userDefined": false
      }
    ],
    "isTemplate": false,
    "count": 0,
    "updated": 0
  },
  {
    "id": "e6fa0593-c660-4339-8163-3f393612abe7",
    "data": [
      {
        "text": "I need ",
        "userDefined": false
      },
      {
        "text": "a",
        "meta": "@sys.ignore",
        "userDefined": false
      },
      {
        "text": " conference room, there will be ",
        "userDefined": false
      },
      {
        "text": "155",
        "meta": "@sys.ignore",
        "userDefined": false
      },
      {
        "text": " of us",
        "userDefined": false
      }
    ],
    "isTemplate": false,
    "count": 0,
    "updated": 0
  },
  {
    "id": "6a58f7ae-8bb1-431f-a36a-b1f534a4e3ea",
    "data": [
      {
        "text": "can you book ",
        "userDefined": false
      },
      {
        "text": "a",
        "meta": "@sys.ignore",
        "userDefined": false
      },
      {
        "text": " room for ",
        "userDefined": false
      },
      {
        "text": "189",
        "meta": "@sys.ignore",
        "userDefined": false
      },
      {
        "text": " of us",
        "userDefined": false
      }
    ],
    "isTemplate": false,
    "count": 0,
    "updated": 0
  },
  {
    "id": "6160d984-ed97-4fbb-b131-78d66c8853e7",
    "data": [
      {
        "text": "I need ",
        "userDefined": false
      },
      {
        "text": "a",
        "meta": "@sys.ignore",
        "userDefined": false
      },
      {
        "text": " room at ",
        "userDefined": false
      },
      {
        "text": "10 am",
        "meta": "@sys.ignore",
        "userDefined": false
      },
      {
        "text": " ",
        "userDefined": false
      },
      {
        "text": "tomorrow",
        "alias": "date",
        "meta": "@sys.date",
        "userDefined": false
      },
      {
        "text": " in ",
        "userDefined": false
      },
      {
        "text": "San Francisco",
        "alias": "location",
        "meta": "@sys.location",
        "userDefined": false
      }
    ],
    "isTemplate": false,
    "count": 0,
    "updated": 0
  },
  {
    "id": "43e08403-d38a-40c9-b431-5a55986e63aa",
    "data": [
      {
        "text": "room reservation for ",
        "userDefined": false
      },
      {
        "text": "3 pm",
        "meta": "@sys.ignore",
        "userDefined": true
      },
      {
        "text": " please",
        "userDefined": false
      }
    ],
    "isTemplate": false,
    "count": 0,
    "updated": 0
  },
  {
    "id": "5caad5c2-c7ed-40d6-b978-be049738cd3f",
    "data": [
      {
        "text": "please reserve a room for ",
        "userDefined": false
      },
      {
        "text": "5",
        "meta": "@sys.ignore",
        "userDefined": true
      },
      {
        "text": " in ",
        "userDefined": false
      },
      {
        "text": "London",
        "alias": "location",
        "meta": "@sys.location",
        "userDefined": true
      },
      {
        "text": " at ",
        "userDefined": false
      },
      {
        "text": "5 pm",
        "meta": "@sys.ignore",
        "userDefined": true
      }
    ],
    "isTemplate": false,
    "count": 0,
    "updated": 0
  },
  {
    "id": "98c16bc2-9076-4f5c-b3bb-1e17fb2c57d9",
    "data": [
      {
        "text": "conference room for ",
        "userDefined": false
      },
      {
        "text": "3 hour",
        "alias": "duration",
        "meta": "@sys.duration",
        "userDefined": false
      },
      {
        "text": " meeting in ",
        "userDefined": false
      },
      {
        "text": "a",
        "meta": "@sys.ignore",
        "userDefined": false
      },
      {
        "text": " hotel in ",
        "userDefined": false
      },
      {
        "text": "Moscow",
        "alias": "location",
        "meta": "@sys.location",
        "userDefined": false
      }
    ],
    "isTemplate": false,
    "count": 0,
    "updated": 0
  },
  {
    "id": "4a6a9276-95f4-4386-8fe0-5d2b0455811e",
    "data": [
      {
        "text": "reserve ",
        "userDefined": false
      },
      {
        "text": "a",
        "meta": "@sys.ignore",
        "userDefined": false
      },
      {
        "text": " conference room for ",
        "userDefined": false
      },
      {
        "text": "10",
        "meta": "@sys.ignore",
        "userDefined": false
      },
      {
        "text": " people in ",
        "userDefined": false
      },
      {
        "text": "Paris",
        "alias": "location",
        "meta": "@sys.location",
        "userDefined": false
      },
      {
        "text": " ",
        "userDefined": false
      },
      {
        "text": "tomorrow",
        "alias": "date",
        "meta": "@sys.date",
        "userDefined": false
      }
    ],
    "isTemplate": false,
    "count": 0,
    "updated": 0
  },
  {
    "id": "0bd6efa1-aac6-4ca2-9235-94f79ed71bfd",
    "data": [
      {
        "text": "book ",
        "userDefined": false
      },
      {
        "text": "a",
        "meta": "@sys.ignore",
        "userDefined": false
      },
      {
        "text": " room for ",
        "userDefined": false
      },
      {
        "text": "300",
        "meta": "@sys.ignore",
        "userDefined": false
      },
      {
        "text": " guests for ",
        "userDefined": false
      },
      {
        "text": "today",
        "alias": "date",
        "meta": "@sys.date",
        "userDefined": true
      }
    ],
    "isTemplate": false,
    "count": 0,
    "updated": 0
  },
  {
    "id": "63e9695b-f410-4c21-a25f-3bfeab2830f4",
    "data": [
      {
        "text": "book ",
        "userDefined": false
      },
      {
        "text": "a",
        "meta": "@sys.ignore",
        "userDefined": false
      },
      {
        "text": " conference room for a ",
        "userDefined": false
      },
      {
        "text": "9 hour",
        "alias": "duration",
        "meta": "@sys.duration",
        "userDefined": false
      },
      {
        "text": " meeting at ",
        "userDefined": false
      },
      {
        "text": "Main Street",
        "alias": "location",
        "meta": "@sys.location",
        "userDefined": true
      }
    ],
    "isTemplate": false,
    "count": 0,
    "updated": 0
  },
  {
    "id": "f267cb5c-c655-40da-97e5-65ec2f4632ff",
    "data": [
      {
        "text": "I need ",
        "userDefined": false
      },
      {
        "text": "a",
        "meta": "@sys.ignore",
        "userDefined": false
      },
      {
        "text": " conference hall for ",
        "userDefined": false
      },
      {
        "text": "20",
        "meta": "@sys.ignore",
        "userDefined": false
      },
      {
        "text": " guests ",
        "userDefined": false
      },
      {
        "text": "today",
        "alias": "date",
        "meta": "@sys.date",
        "userDefined": false
      }
    ],
    "isTemplate": false,
    "count": 0,
    "updated": 0
  },
  {
    "id": "63d20d57-e0a5-4e42-9f78-36b2281406f0",
    "data": [
      {
        "text": "I want to book ",
        "userDefined": false
      },
      {
        "text": "a",
        "meta": "@sys.ignore",
        "userDefined": false
      },
      {
        "text": " conference hall for ",
        "userDefined": false
      },
      {
        "text": "500",
        "meta": "@sys.ignore",
        "userDefined": false
      },
      {
        "text": " guests in ",
        "userDefined": false
      },
      {
        "text": "Moscow",
        "alias": "location",
        "meta": "@sys.location",
        "userDefined": false
      }
    ],
    "isTemplate": false,
    "count": 0,
    "updated": 0
  },
  {
    "id": "2321ab29-9c9c-4aaa-966a-457fc726f5c3",
    "data": [
      {
        "text": "could you please book ",
        "userDefined": false
      },
      {
        "text": "a",
        "meta": "@sys.ignore",
        "userDefined": false
      },
      {
        "text": " conference room for ",
        "userDefined": false
      },
      {
        "text": "6",
        "meta": "@sys.ignore",
        "userDefined": false
      },
      {
        "text": " of us",
        "userDefined": false
      }
    ],
    "isTemplate": false,
    "count": 0,
    "updated": 0
  },
  {
    "id": "a98541a8-cc96-426d-823c-8d74ff503b96",
    "data": [
      {
        "text": "reserve ",
        "userDefined": false
      },
      {
        "text": "a",
        "meta": "@sys.ignore",
        "userDefined": false
      },
      {
        "text": " room for ",
        "userDefined": false
      },
      {
        "text": "tomorrow",
        "alias": "date",
        "meta": "@sys.date",
        "userDefined": false
      },
      {
        "text": " in ",
        "userDefined": false
      },
      {
        "text": "London",
        "alias": "location",
        "meta": "@sys.location",
        "userDefined": false
      },
      {
        "text": " there will be ",
        "userDefined": false
      },
      {
        "text": "10",
        "meta": "@sys.ignore",
        "userDefined": false
      },
      {
        "text": " of us",
        "userDefined": false
      }
    ],
    "isTemplate": false,
    "count": 0,
    "updated": 0
  },
  {
    "id": "ac3d49f9-bcef-4f08-9618-aef34037bfb1",
    "data": [
      {
        "text": "room reservation for ",
        "userDefined": false
      },
      {
        "text": "50",
        "meta": "@sys.ignore",
        "userDefined": false
      },
      {
        "text": " people ",
        "userDefined": false
      },
      {
        "text": "tomorrow",
        "alias": "date",
        "meta": "@sys.date",
        "userDefined": false
      },
      {
        "text": " at ",
        "userDefined": false
      },
      {
        "text": "10 am",
        "meta": "@sys.ignore",
        "userDefined": false
      },
      {
        "text": " in ",
        "userDefined": false
      },
      {
        "text": "Moscow",
        "alias": "location",
        "meta": "@sys.location",
        "userDefined": false
      }
    ],
    "isTemplate": false,
    "count": 0,
    "updated": 0
  },
  {
    "id": "0fec8c4b-1fd0-41f7-9805-60f0895488c4",
    "data": [
      {
        "text": "could you book ",
        "userDefined": false
      },
      {
        "text": "a",
        "meta": "@sys.ignore",
        "userDefined": false
      },
      {
        "text": " room for ",
        "userDefined": false
      },
      {
        "text": "a",
        "meta": "@sys.ignore",
        "userDefined": false
      },
      {
        "text": " conference please",
        "userDefined": false
      }
    ],
    "isTemplate": false,
    "count": 0,
    "updated": 0
  },
  {
    "id": "e5cb6247-b6af-4539-b36e-544b69ebd79a",
    "data": [
      {
        "text": "I need ",
        "userDefined": false
      },
      {
        "text": "a",
        "meta": "@sys.ignore",
        "userDefined": false
      },
      {
        "text": " room for ",
        "userDefined": false
      },
      {
        "text": "6",
        "meta": "@sys.ignore",
        "userDefined": false
      },
      {
        "text": " people ",
        "userDefined": false
      },
      {
        "text": "today",
        "alias": "date",
        "meta": "@sys.date",
        "userDefined": false
      }
    ],
    "isTemplate": false,
    "count": 0,
    "updated": 0
  },
  {
    "id": "ab7ffc0a-2478-48af-a1aa-10c9958119b3",
    "data": [
      {
        "text": "reserve ",
        "userDefined": false
      },
      {
        "text": "a",
        "meta": "@sys.ignore",
        "userDefined": false
      },
      {
        "text": " room in ",
        "userDefined": false
      },
      {
        "text": "Paris",
        "alias": "location",
        "meta": "@sys.location",
        "userDefined": false
      },
      {
        "text": " ",
        "userDefined": false
      },
      {
        "text": "tomorrow",
        "alias": "date",
        "meta": "@sys.date",
        "userDefined": false
      }
    ],
    "isTemplate": false,
    "count": 0,
    "updated": 0
  },
  {
    "id": "505bbce4-63db-41e2-bce0-118385a6ffe3",
    "data": [
      {
        "text": "room reservation",
        "userDefined": false
      }
    ],
    "isTemplate": false,
    "count": 0,
    "updated": 0
  },
  {
    "id": "7024ec31-dab0-40d9-b598-963517065917",
    "data": [
      {
        "text": "i need ",
        "userDefined": false
      },
      {
        "text": "a",
        "meta": "@sys.ignore",
        "userDefined": false
      },
      {
        "text": " room for a ",
        "userDefined": false
      },
      {
        "text": "2 day",
        "alias": "duration",
        "meta": "@sys.duration",
        "userDefined": false
      },
      {
        "text": " conference for ",
        "userDefined": false
      },
      {
        "text": "90",
        "meta": "@sys.ignore",
        "userDefined": false
      },
      {
        "text": " people",
        "userDefined": false
      }
    ],
    "isTemplate": false,
    "count": 0,
    "updated": 0
  },
  {
    "id": "69db3ad5-9e7a-46e6-9b3e-a71a41bb4a91",
    "data": [
      {
        "text": "book ",
        "userDefined": false
      },
      {
        "text": "a",
        "meta": "@sys.ignore",
        "userDefined": false
      },
      {
        "text": " conference hall ",
        "userDefined": false
      },
      {
        "text": "tomorrow",
        "alias": "date",
        "meta": "@sys.date",
        "userDefined": false
      },
      {
        "text": " for ",
        "userDefined": false
      },
      {
        "text": "20",
        "meta": "@sys.ignore",
        "userDefined": false
      },
      {
        "text": " of us",
        "userDefined": false
      }
    ],
    "isTemplate": false,
    "count": 1,
    "updated": 0
  },
  {
    "id": "bbfa504e-2ee7-4ea9-8f4c-dc9cd7dd0b1e",
    "data": [
      {
        "text": "reserve ",
        "userDefined": false
      },
      {
        "text": "a",
        "meta": "@sys.ignore",
        "userDefined": false
      },
      {
        "text": " room for ",
        "userDefined": false
      },
      {
        "text": "today",
        "alias": "date",
        "meta": "@sys.date",
        "userDefined": false
      },
      {
        "text": " there\u0027s ",
        "userDefined": false
      },
      {
        "text": "20",
        "meta": "@sys.ignore",
        "userDefined": false
      },
      {
        "text": " of us",
        "userDefined": false
      }
    ],
    "isTemplate": false,
    "count": 0,
    "updated": 0
  },
  {
    "id": "5b50714c-3177-4e32-934e-3609ae246c73",
    "data": [
      {
        "text": "new reservation for ",
        "userDefined": false
      },
      {
        "text": "tomorrow",
        "alias": "date",
        "meta": "@sys.date",
        "userDefined": false
      }
    ],
    "isTemplate": false,
    "count": 0,
    "updated": 0
  },
  {
    "id": "643a4101-b3f4-46a9-a4ce-14f422868ca5",
    "data": [
      {
        "text": "new booking",
        "userDefined": false
      }
    ],
    "isTemplate": false,
    "count": 1,
    "updated": 0
  },
  {
    "id": "ccb7bd97-c66c-434c-ba32-9a3f36b7c3d3",
    "data": [
      {
        "text": "i need help with reserving ",
        "userDefined": false
      },
      {
        "text": "a",
        "meta": "@sys.ignore",
        "userDefined": false
      },
      {
        "text": " conference room for ",
        "userDefined": false
      },
      {
        "text": "24 hours",
        "alias": "duration",
        "meta": "@sys.duration",
        "userDefined": false
      }
    ],
    "isTemplate": false,
    "count": 0,
    "updated": 0
  },
  {
    "id": "bc3b0501-6d2a-4e5e-8911-6d2a9248547e",
    "data": [
      {
        "text": "help me booking ",
        "userDefined": false
      },
      {
        "text": "a",
        "meta": "@sys.ignore",
        "userDefined": false
      },
      {
        "text": " room for ",
        "userDefined": false
      },
      {
        "text": "15",
        "meta": "@sys.ignore",
        "userDefined": false
      },
      {
        "text": " guests for ",
        "userDefined": false
      },
      {
        "text": "2 days",
        "alias": "duration",
        "meta": "@sys.duration",
        "userDefined": false
      }
    ],
    "isTemplate": false,
    "count": 1,
    "updated": 0
  },
  {
    "id": "0b370af3-3dce-49b6-9cc4-877d68d3be5b",
    "data": [
      {
        "text": "5 hour",
        "alias": "duration",
        "meta": "@sys.duration",
        "userDefined": false
      },
      {
        "text": " long conference hall reservation for ",
        "userDefined": false
      },
      {
        "text": "50",
        "meta": "@sys.ignore",
        "userDefined": false
      },
      {
        "text": " guests ",
        "userDefined": false
      },
      {
        "text": "tomorrow",
        "alias": "date",
        "meta": "@sys.date",
        "userDefined": false
      },
      {
        "text": " in ",
        "userDefined": false
      },
      {
        "text": "New York",
        "alias": "location",
        "meta": "@sys.location",
        "userDefined": false
      }
    ],
    "isTemplate": false,
    "count": 1,
    "updated": 0
  },
  {
    "id": "a98c487d-25e7-4845-b73b-0fd1aa096b7e",
    "data": [
      {
        "text": "book ",
        "userDefined": false
      },
      {
        "text": "a",
        "meta": "@sys.ignore",
        "userDefined": false
      },
      {
        "text": " room for ",
        "userDefined": false
      },
      {
        "text": "20",
        "meta": "@sys.ignore",
        "userDefined": false
      },
      {
        "text": " guests in ",
        "userDefined": false
      },
      {
        "text": "London",
        "alias": "location",
        "meta": "@sys.location",
        "userDefined": false
      },
      {
        "text": " ",
        "userDefined": false
      },
      {
        "text": "tomorrow",
        "alias": "date",
        "meta": "@sys.date",
        "userDefined": false
      }
    ],
    "isTemplate": false,
    "count": 2,
    "updated": 0
  },
  {
    "id": "f143224e-d525-4929-a6ad-691a0a8ffd77",
    "data": [
      {
        "text": "reserve room",
        "userDefined": false
      }
    ],
    "isTemplate": false,
    "count": 0,
    "updated": 0
  },
  {
    "id": "db0da22f-7775-4849-a0c8-78d3956d6a13",
    "data": [
      {
        "text": "help me with booking ",
        "userDefined": false
      },
      {
        "text": "a",
        "meta": "@sys.ignore",
        "userDefined": false
      },
      {
        "text": " conference room ",
        "userDefined": false
      },
      {
        "text": "on October 7",
        "alias": "date",
        "meta": "@sys.date",
        "userDefined": false
      },
      {
        "text": " at ",
        "userDefined": false
      },
      {
        "text": "2 pm",
        "meta": "@sys.ignore",
        "userDefined": false
      }
    ],
    "isTemplate": false,
    "count": 0,
    "updated": 0
  },
  {
    "id": "06ff34c2-f444-46f8-a60d-3b8d743419d8",
    "data": [
      {
        "text": "I need ",
        "userDefined": false
      },
      {
        "text": "a",
        "meta": "@sys.ignore",
        "userDefined": false
      },
      {
        "text": " large conference hall for about ",
        "userDefined": false
      },
      {
        "text": "200",
        "meta": "@sys.ignore",
        "userDefined": false
      },
      {
        "text": " people for ",
        "userDefined": false
      },
      {
        "text": "tomorrow",
        "alias": "date",
        "meta": "@sys.date",
        "userDefined": false
      }
    ],
    "isTemplate": false,
    "count": 0,
    "updated": 0
  },
  {
    "id": "67a81a6c-a177-40df-b394-f81ab28e7962",
    "data": [
      {
        "text": "please make ",
        "userDefined": false
      },
      {
        "text": "a",
        "meta": "@sys.ignore",
        "userDefined": false
      },
      {
        "text": " hotel room reservation for ",
        "userDefined": false
      },
      {
        "text": "90",
        "meta": "@sys.ignore",
        "userDefined": false
      },
      {
        "text": " people at ",
        "userDefined": false
      },
      {
        "text": "Main Street 3",
        "alias": "location",
        "meta": "@sys.location",
        "userDefined": false
      },
      {
        "text": " ",
        "userDefined": false
      },
      {
        "text": "tomorrow",
        "alias": "date",
        "meta": "@sys.date",
        "userDefined": false
      },
      {
        "text": " ",
        "userDefined": false
      },
      {
        "text": "at 9",
        "meta": "@sys.ignore",
        "userDefined": false
      }
    ],
    "isTemplate": false,
    "count": 0,
    "updated": 0
  },
  {
    "id": "e5e7917e-f956-415e-a2c8-9d50a9b508cf",
    "data": [
      {
        "text": "new reservation for ",
        "userDefined": false
      },
      {
        "text": "tomorrow",
        "alias": "date",
        "meta": "@sys.date",
        "userDefined": false
      },
      {
        "text": " ",
        "userDefined": false
      },
      {
        "text": "at 6 pm",
        "meta": "@sys.ignore",
        "userDefined": false
      },
      {
        "text": " in ",
        "userDefined": false
      },
      {
        "text": "Los Angeles",
        "alias": "location",
        "meta": "@sys.location",
        "userDefined": false
      }
    ],
    "isTemplate": false,
    "count": 0,
    "updated": 0
  },
  {
    "id": "ecf4125a-e22e-48be-b84f-6c628f3ffe14",
    "data": [
      {
        "text": "I would like you to book ",
        "userDefined": false
      },
      {
        "text": "a",
        "meta": "@sys.ignore",
        "userDefined": false
      },
      {
        "text": " meeting room for ",
        "userDefined": false
      },
      {
        "text": "90",
        "meta": "@sys.ignore",
        "userDefined": false
      },
      {
        "text": " people for about ",
        "userDefined": false
      },
      {
        "text": "2 hours",
        "alias": "duration",
        "meta": "@sys.duration",
        "userDefined": false
      },
      {
        "text": " in ",
        "userDefined": false
      },
      {
        "text": "San Francisco",
        "alias": "location",
        "meta": "@sys.location",
        "userDefined": false
      },
      {
        "text": " ",
        "userDefined": false
      },
      {
        "text": "on July 25",
        "alias": "date",
        "meta": "@sys.date",
        "userDefined": false
      }
    ],
    "isTemplate": false,
    "count": 0,
    "updated": 0
  },
  {
    "id": "54049eb8-325d-4844-86b4-ee1ade2fe920",
    "data": [
      {
        "text": "let\u0027s book ",
        "userDefined": false
      },
      {
        "text": "a",
        "meta": "@sys.ignore",
        "userDefined": false
      },
      {
        "text": " conference hall for ",
        "userDefined": false
      },
      {
        "text": "100",
        "meta": "@sys.ignore",
        "userDefined": false
      },
      {
        "text": " people ",
        "userDefined": false
      },
      {
        "text": "tomorrow",
        "alias": "date",
        "meta": "@sys.date",
        "userDefined": false
      },
      {
        "text": " ",
        "userDefined": false
      },
      {
        "text": "at 9 am",
        "meta": "@sys.ignore",
        "userDefined": false
      },
      {
        "text": " in ",
        "userDefined": false
      },
      {
        "text": "Moscow",
        "alias": "location",
        "meta": "@sys.location",
        "userDefined": false
      }
    ],
    "isTemplate": false,
    "count": 0,
    "updated": 0
  },
  {
    "id": "2b58dd58-90e6-4551-b8b7-c34573c75cd9",
    "data": [
      {
        "text": "help me too reserve ",
        "userDefined": false
      },
      {
        "text": "a",
        "meta": "@sys.ignore",
        "userDefined": false
      },
      {
        "text": " meeting room for ",
        "userDefined": false
      },
      {
        "text": "10",
        "meta": "@sys.ignore",
        "userDefined": false
      },
      {
        "text": " people ",
        "userDefined": false
      },
      {
        "text": "tomorrow",
        "alias": "date",
        "meta": "@sys.date",
        "userDefined": true
      },
      {
        "text": " in our ",
        "userDefined": false
      },
      {
        "text": "New York",
        "alias": "location",
        "meta": "@sys.location",
        "userDefined": false
      },
      {
        "text": " office",
        "userDefined": false
      }
    ],
    "isTemplate": false,
    "count": 0,
    "updated": 0
  },
  {
    "id": "fd10f194-0dd6-4743-9217-05edfe74a554",
    "data": [
      {
        "text": "can you book ",
        "userDefined": false
      },
      {
        "text": "a",
        "meta": "@sys.ignore",
        "userDefined": false
      },
      {
        "text": " room for a ",
        "userDefined": false
      },
      {
        "text": "2 hour",
        "alias": "duration",
        "meta": "@sys.duration",
        "userDefined": false
      },
      {
        "text": " meeting fro ",
        "userDefined": false
      },
      {
        "text": "50",
        "meta": "@sys.ignore",
        "userDefined": false
      },
      {
        "text": " guests in ",
        "userDefined": false
      },
      {
        "text": "London",
        "alias": "location",
        "meta": "@sys.location",
        "userDefined": false
      },
      {
        "text": " ",
        "userDefined": false
      },
      {
        "text": "tomorrow",
        "alias": "date",
        "meta": "@sys.date",
        "userDefined": false
      },
      {
        "text": " at ",
        "userDefined": false
      },
      {
        "text": "10 am",
        "meta": "@sys.ignore",
        "userDefined": false
      }
    ],
    "isTemplate": false,
    "count": 0,
    "updated": 0
  },
  {
    "id": "38de8c41-9c9e-456e-8c64-25fc99c954e7",
    "data": [
      {
        "text": "I need you to reserve ",
        "userDefined": false
      },
      {
        "text": "a",
        "meta": "@sys.ignore",
        "userDefined": false
      },
      {
        "text": " room for in our ",
        "userDefined": false
      },
      {
        "text": "Los Angeles",
        "alias": "location",
        "meta": "@sys.location",
        "userDefined": false
      },
      {
        "text": " office",
        "userDefined": false
      }
    ],
    "isTemplate": false,
    "count": 0,
    "updated": 0
  },
  {
    "id": "c6c0d8d3-5e85-4b43-80fa-9d4922f56849",
    "data": [
      {
        "text": "could you please book ",
        "userDefined": false
      },
      {
        "text": "a",
        "meta": "@sys.ignore",
        "userDefined": false
      },
      {
        "text": " room in our ",
        "userDefined": false
      },
      {
        "text": "Paris",
        "alias": "location",
        "meta": "@sys.location",
        "userDefined": false
      },
      {
        "text": " office",
        "userDefined": false
      }
    ],
    "isTemplate": false,
    "count": 0,
    "updated": 0
  },
  {
    "id": "e3430fd8-955e-4aa7-a15f-3cb1f0a36ac4",
    "data": [
      {
        "text": "new booking of ",
        "userDefined": false
      },
      {
        "text": "a",
        "meta": "@sys.ignore",
        "userDefined": false
      },
      {
        "text": " room for an ",
        "userDefined": false
      },
      {
        "text": "8 hour",
        "alias": "duration",
        "meta": "@sys.duration",
        "userDefined": false
      },
      {
        "text": " long meeting with ",
        "userDefined": false
      },
      {
        "text": "90",
        "meta": "@sys.ignore",
        "userDefined": false
      },
      {
        "text": " guests on ",
        "userDefined": false
      },
      {
        "text": "next Tuesday",
        "alias": "date",
        "meta": "@sys.date",
        "userDefined": false
      },
      {
        "text": " at ",
        "userDefined": false
      },
      {
        "text": "8",
        "meta": "@sys.ignore",
        "userDefined": false
      },
      {
        "text": " in ",
        "userDefined": false
      },
      {
        "text": "Paris",
        "alias": "location",
        "meta": "@sys.location",
        "userDefined": false
      }
    ],
    "isTemplate": false,
    "count": 0,
    "updated": 0
  },
  {
    "id": "f2fb4a9c-9049-4829-b585-fceee982b0aa",
    "data": [
      {
        "text": "book ",
        "userDefined": false
      },
      {
        "text": "a",
        "meta": "@sys.ignore",
        "userDefined": false
      },
      {
        "text": " meeting room in ",
        "userDefined": false
      },
      {
        "text": "a",
        "meta": "@sys.ignore",
        "userDefined": false
      },
      {
        "text": " hotel for ",
        "userDefined": false
      },
      {
        "text": "5 hours",
        "alias": "duration",
        "meta": "@sys.duration",
        "userDefined": false
      },
      {
        "text": " for ",
        "userDefined": false
      },
      {
        "text": "36",
        "meta": "@sys.ignore",
        "userDefined": false
      },
      {
        "text": " attendees ",
        "userDefined": false
      },
      {
        "text": "on Monday",
        "alias": "date",
        "meta": "@sys.date",
        "userDefined": false
      },
      {
        "text": " at ",
        "userDefined": false
      },
      {
        "text": "12:00",
        "meta": "@sys.ignore",
        "userDefined": false
      },
      {
        "text": " in ",
        "userDefined": false
      },
      {
        "text": "Los Angeles",
        "alias": "location",
        "meta": "@sys.location",
        "userDefined": false
      }
    ],
    "isTemplate": false,
    "count": 0,
    "updated": 0
  },
  {
    "id": "d9ede1a2-43dc-4189-a44b-394f8e9cda79",
    "data": [
      {
        "text": "I need ",
        "userDefined": false
      },
      {
        "text": "a",
        "meta": "@sys.ignore",
        "userDefined": false
      },
      {
        "text": " room for ",
        "userDefined": false
      },
      {
        "text": "a",
        "meta": "@sys.ignore",
        "userDefined": false
      },
      {
        "text": " ",
        "userDefined": false
      },
      {
        "text": "3 day",
        "alias": "duration",
        "meta": "@sys.duration",
        "userDefined": false
      },
      {
        "text": " long meeting for ",
        "userDefined": false
      },
      {
        "text": "85",
        "meta": "@sys.ignore",
        "userDefined": false
      },
      {
        "text": " attendees on ",
        "userDefined": false
      },
      {
        "text": "September 3",
        "alias": "date",
        "meta": "@sys.date",
        "userDefined": false
      },
      {
        "text": " starting at ",
        "userDefined": false
      },
      {
        "text": "6 pm",
        "meta": "@sys.ignore",
        "userDefined": false
      }
    ],
    "isTemplate": false,
    "count": 0,
    "updated": 0
  },
  {
    "id": "cecf0910-d75e-4cb6-841c-41de03a53d9f",
    "data": [
      {
        "text": "book",
        "meta": "@sys.ignore",
        "userDefined": false
      },
      {
        "text": " ",
        "userDefined": false
      },
      {
        "text": "a",
        "meta": "@sys.ignore",
        "userDefined": false
      },
      {
        "text": " hotel room for ",
        "userDefined": false
      },
      {
        "text": "an hour",
        "alias": "duration",
        "meta": "@sys.duration",
        "userDefined": false
      },
      {
        "text": " long meeting for ",
        "userDefined": false
      },
      {
        "text": "74",
        "meta": "@sys.ignore",
        "userDefined": false
      },
      {
        "text": " guests ",
        "userDefined": false
      },
      {
        "text": "tomorrow",
        "alias": "date",
        "meta": "@sys.date",
        "userDefined": false
      },
      {
        "text": " in ",
        "userDefined": false
      },
      {
        "text": "Paris",
        "alias": "location",
        "meta": "@sys.location",
        "userDefined": false
      }
    ],
    "isTemplate": false,
    "count": 0,
    "updated": 0
  },
  {
    "id": "3dad1245-db23-4ed9-9432-7065f067e917",
    "data": [
      {
        "text": "reserve ",
        "userDefined": false
      },
      {
        "text": "a",
        "meta": "@sys.ignore",
        "userDefined": false
      },
      {
        "text": " conference hall for ",
        "userDefined": false
      },
      {
        "text": "4 hours",
        "alias": "duration",
        "meta": "@sys.duration",
        "userDefined": false
      },
      {
        "text": " on ",
        "userDefined": false
      },
      {
        "text": "November 20",
        "alias": "date",
        "meta": "@sys.date",
        "userDefined": false
      }
    ],
    "isTemplate": false,
    "count": 0,
    "updated": 0
  },
  {
    "id": "3eb4ce55-07b8-419e-8801-533afc647236",
    "data": [
      {
        "text": "book ",
        "userDefined": false
      },
      {
        "text": "a",
        "meta": "@sys.ignore",
        "userDefined": false
      },
      {
        "text": " hotel room for ",
        "userDefined": false
      },
      {
        "text": "19",
        "meta": "@sys.ignore",
        "userDefined": false
      },
      {
        "text": " people ",
        "userDefined": false
      },
      {
        "text": "tomorrow",
        "alias": "date",
        "meta": "@sys.date",
        "userDefined": false
      },
      {
        "text": " in ",
        "userDefined": false
      },
      {
        "text": "Moscow",
        "alias": "location",
        "meta": "@sys.location",
        "userDefined": false
      },
      {
        "text": " at ",
        "userDefined": false
      },
      {
        "text": "5",
        "meta": "@sys.ignore",
        "userDefined": false
      }
    ],
    "isTemplate": false,
    "count": 0,
    "updated": 0
  },
  {
    "id": "68d69a0a-be19-4153-af1d-62561d67c47d",
    "data": [
      {
        "text": "new booking for ",
        "userDefined": false
      },
      {
        "text": "a",
        "meta": "@sys.ignore",
        "userDefined": false
      },
      {
        "text": " ",
        "userDefined": false
      },
      {
        "text": "2 hour",
        "alias": "duration",
        "meta": "@sys.duration",
        "userDefined": false
      },
      {
        "text": " long conference on ",
        "userDefined": false
      },
      {
        "text": "July 29",
        "alias": "location",
        "meta": "@sys.location",
        "userDefined": false
      },
      {
        "text": " at ",
        "userDefined": false
      },
      {
        "text": "9 am",
        "meta": "@sys.ignore",
        "userDefined": false
      }
    ],
    "isTemplate": false,
    "count": 0,
    "updated": 0
  },
  {
    "id": "4f27a86c-cb6a-496c-af96-58680ae19e62",
    "data": [
      {
        "text": "we need to reserve ",
        "userDefined": false
      },
      {
        "text": "a",
        "meta": "@sys.ignore",
        "userDefined": false
      },
      {
        "text": " meeting hall at ",
        "userDefined": false
      },
      {
        "text": "5pm",
        "meta": "@sys.ignore",
        "userDefined": false
      }
    ],
    "isTemplate": false,
    "count": 0,
    "updated": 0
  },
  {
    "id": "351a2249-4466-4637-a713-fe1b7253fd55",
    "data": [
      {
        "text": "new booking for ",
        "userDefined": false
      },
      {
        "text": "an hour",
        "alias": "duration",
        "meta": "@sys.duration",
        "userDefined": false
      },
      {
        "text": " long meeting for ",
        "userDefined": false
      },
      {
        "text": "20",
        "meta": "@sys.ignore",
        "userDefined": false
      },
      {
        "text": " guests ",
        "userDefined": false
      },
      {
        "text": "on December 10",
        "alias": "date",
        "meta": "@sys.date",
        "userDefined": false
      },
      {
        "text": " in ",
        "userDefined": false
      },
      {
        "text": "Los Angeles",
        "alias": "location",
        "meta": "@sys.location",
        "userDefined": false
      }
    ],
    "isTemplate": false,
    "count": 0,
    "updated": 0
  },
  {
    "id": "6ad5f66d-3b52-48cc-bf7f-9b90ff39bdda",
    "data": [
      {
        "text": "book ",
        "userDefined": false
      },
      {
        "text": "a",
        "meta": "@sys.ignore",
        "userDefined": false
      },
      {
        "text": " room for ",
        "userDefined": false
      },
      {
        "text": "5",
        "meta": "@sys.ignore",
        "userDefined": false
      },
      {
        "text": " people for about ",
        "userDefined": false
      },
      {
        "text": "2 hours",
        "alias": "duration",
        "meta": "@sys.duration",
        "userDefined": false
      },
      {
        "text": " ",
        "userDefined": false
      },
      {
        "text": "on Friday",
        "alias": "date",
        "meta": "@sys.date",
        "userDefined": false
      },
      {
        "text": " ",
        "userDefined": false
      },
      {
        "text": "10 am",
        "meta": "@sys.ignore",
        "userDefined": false
      },
      {
        "text": " in ",
        "userDefined": false
      },
      {
        "text": "New York",
        "alias": "location",
        "meta": "@sys.location",
        "userDefined": false
      }
    ],
    "isTemplate": false,
    "count": 0,
    "updated": 0
  },
  {
    "id": "ee5ab5eb-8610-4424-a1bc-94687ea07c3a",
    "data": [
      {
        "text": "I need ",
        "userDefined": false
      },
      {
        "text": "a",
        "meta": "@sys.ignore",
        "userDefined": false
      },
      {
        "text": " room for ",
        "userDefined": false
      },
      {
        "text": "5 hour",
        "alias": "duration",
        "meta": "@sys.duration",
        "userDefined": false
      },
      {
        "text": " long conference for ",
        "userDefined": false
      },
      {
        "text": "25",
        "meta": "@sys.ignore",
        "userDefined": false
      },
      {
        "text": " guests in ",
        "userDefined": false
      },
      {
        "text": "London",
        "alias": "location",
        "meta": "@sys.location",
        "userDefined": false
      },
      {
        "text": " ",
        "userDefined": false
      },
      {
        "text": "on September 1",
        "alias": "date",
        "meta": "@sys.date",
        "userDefined": false
      }
    ],
    "isTemplate": false,
    "count": 0,
    "updated": 0
  },
  {
    "id": "c129ec5f-3ced-4506-b142-2292517de8cd",
    "data": [
      {
        "text": "reserve ",
        "userDefined": false
      },
      {
        "text": "a",
        "meta": "@sys.ignore",
        "userDefined": false
      },
      {
        "text": " room in our ",
        "userDefined": false
      },
      {
        "text": "London",
        "alias": "location",
        "meta": "@sys.location",
        "userDefined": false
      },
      {
        "text": " office",
        "userDefined": false
      }
    ],
    "isTemplate": false,
    "count": 0,
    "updated": 0
  },
  {
    "id": "a5c1c6db-76a2-478f-b2d0-2cd26ff8ac36",
    "data": [
      {
        "text": "I\u0027d like to reserve ",
        "userDefined": false
      },
      {
        "text": "a",
        "meta": "@sys.ignore",
        "userDefined": false
      },
      {
        "text": " room in our ",
        "userDefined": false
      },
      {
        "text": "Los Angeles",
        "alias": "location",
        "meta": "@sys.location",
        "userDefined": false
      },
      {
        "text": " office for ",
        "userDefined": false
      },
      {
        "text": "an hour",
        "alias": "duration",
        "meta": "@sys.duration",
        "userDefined": false
      },
      {
        "text": " long meeting at ",
        "userDefined": false
      },
      {
        "text": "2pm",
        "meta": "@sys.ignore",
        "userDefined": false
      },
      {
        "text": " ",
        "userDefined": false
      },
      {
        "text": "today",
        "alias": "date",
        "meta": "@sys.date",
        "userDefined": false
      }
    ],
    "isTemplate": false,
    "count": 0,
    "updated": 0
  },
  {
    "id": "a309f322-3c87-428a-ba12-94b79e7e92d5",
    "data": [
      {
        "text": "I\u0027d like to reserve a room",
        "userDefined": false
      }
    ],
    "isTemplate": false,
    "count": 0,
    "updated": 0
  }
]