[
  {
    "value": "almond milk",
    "synonyms": [
      "almond milk"
    ]
  },
  {
    "value": "americano",
    "synonyms": [
      "americano"
    ]
  },
  {
    "value": "apple cider",
    "synonyms": [
      "apple cider"
    ]
  },
  {
    "value": "apple juice",
    "synonyms": [
      "apple juice"
    ]
  },
  {
    "value": "banana milk",
    "synonyms": [
      "banana milk"
    ]
  },
  {
    "value": "beer",
    "synonyms": [
      "beer"
    ]
  },
  {
    "value": "black tea",
    "synonyms": [
      "black tea"
    ]
  },
  {
    "value": "bloody mary",
    "synonyms": [
      "bloody mary"
    ]
  },
  {
    "value": "boulevardier",
    "synonyms": [
      "boulevardier"
    ]
  },
  {
    "value": "brandy coffee",
    "synonyms": [
      "brandy coffee"
    ]
  },
  {
    "value": "brandy",
    "synonyms": [
      "brandy"
    ]
  },
  {
    "value": "brooklyn",
    "synonyms": [
      "brooklyn"
    ]
  },
  {
    "value": "café au lait",
    "synonyms": [
      "café au lait"
    ]
  },
  {
    "value": "café mocha",
    "synonyms": [
      "café mocha"
    ]
  },
  {
    "value": "caffè americano",
    "synonyms": [
      "caffè americano"
    ]
  },
  {
    "value": "caffè latte",
    "synonyms": [
      "caffè latte"
    ]
  },
  {
    "value": "camomile tea",
    "synonyms": [
      "camomile tea"
    ]
  },
  {
    "value": "cappuccino",
    "synonyms": [
      "cappuccino"
    ]
  },
  {
    "value": "carrot juice",
    "synonyms": [
      "carrot juice",
      "pure carrot juice"
    ]
  },
  {
    "value": "chai latte",
    "synonyms": [
      "chai latte"
    ]
  },
  {
    "value": "chai masala",
    "synonyms": [
      "chai masala"
    ]
  },
  {
    "value": "champagne",
    "synonyms": [
      "champagne"
    ]
  },
  {
    "value": "chardonnay",
    "synonyms": [
      "chardonnay"
    ]
  },
  {
    "value": "chocolate milk",
    "synonyms": [
      "chocolate milk"
    ]
  },
  {
    "value": "cider",
    "synonyms": [
      "cider"
    ]
  },
  {
    "value": "citrus soda",
    "synonyms": [
      "citrus soda"
    ]
  },
  {
    "value": "coca cola",
    "synonyms": [
      "coca cola",
      "coke"
    ]
  },
  {
    "value": "coconut milk",
    "synonyms": [
      "coconut milk"
    ]
  },
  {
    "value": "coffee \u0026 tea",
    "synonyms": [
      "coffee \u0026 tea",
      "coffee tea",
      "coffee and tea",
      "coffee n tea",
      "tea coffee",
      "tea and coffee",
      "tea n coffee"
    ]
  },
  {
    "value": "coffee milk",
    "synonyms": [
      "coffee milk"
    ]
  },
  {
    "value": "coffee with milk",
    "synonyms": [
      "coffee with milk"
    ]
  },
  {
    "value": "coffee",
    "synonyms": [
      "coffee"
    ]
  },
  {
    "value": "coolatta",
    "synonyms": [
      "coolatta"
    ]
  },
  {
    "value": "cosmopolitan",
    "synonyms": [
      "cosmopolitan"
    ]
  },
  {
    "value": "daiquiri",
    "synonyms": [
      "daiquiri"
    ]
  },
  {
    "value": "diet coke",
    "synonyms": [
      "diet coke",
      "diet coca cola",
      "sugar free coke",
      "sugar free coca cola"
    ]
  },
  {
    "value": "diet dr pepper",
    "synonyms": [
      "diet dr pepper",
      "sugar free dr pepper"
    ]
  },
  {
    "value": "diet mountain dew",
    "synonyms": [
      "diet mountain dew",
      "diet mtn dew",
      "sugar free mountain dew",
      "sugar free mtn dew"
    ]
  },
  {
    "value": "diet pepsi",
    "synonyms": [
      "diet pepsi",
      "sugar free pepsi",
      "pepsi diet",
      "pepsi light",
      "regular diet pepsi"
    ]
  },
  {
    "value": "dr pepper",
    "synonyms": [
      "dr pepper"
    ]
  },
  {
    "value": "earl grey tea",
    "synonyms": [
      "earl grey tea"
    ]
  },
  {
    "value": "espresso",
    "synonyms": [
      "espresso"
    ]
  },
  {
    "value": "fanta",
    "synonyms": [
      "fanta"
    ]
  },
  {
    "value": "frappe",
    "synonyms": [
      "frappe",
      "frappé"
    ]
  },
  {
    "value": "frappuccino",
    "synonyms": [
      "frappuccino"
    ]
  },
  {
    "value": "french 75",
    "synonyms": [
      "french 75"
    ]
  },
  {
    "value": "fruit juice",
    "synonyms": [
      "fruit juice"
    ]
  },
  {
    "value": "gimlet",
    "synonyms": [
      "gimlet"
    ]
  },
  {
    "value": "gin and tonic",
    "synonyms": [
      "gin and tonic"
    ]
  },
  {
    "value": "gin",
    "synonyms": [
      "gin"
    ]
  },
  {
    "value": "green iced tea",
    "synonyms": [
      "green iced tea"
    ]
  },
  {
    "value": "green tea",
    "synonyms": [
      "green tea"
    ]
  },
  {
    "value": "hot chocolate",
    "synonyms": [
      "hot chocolate"
    ]
  },
  {
    "value": "ice coffee",
    "synonyms": [
      "ice coffee",
      "iced coffee"
    ]
  },
  {
    "value": "ice tea",
    "synonyms": [
      "ice tea",
      "iced tea",
      "icetea"
    ]
  },
  {
    "value": "iced cappuccino",
    "synonyms": [
      "iced cappuccino"
    ]
  },
  {
    "value": "irish coffee",
    "synonyms": [
      "irish coffee"
    ]
  },
  {
    "value": "jasmine tea",
    "synonyms": [
      "jasmine tea"
    ]
  },
  {
    "value": "juice",
    "synonyms": [
      "juice"
    ]
  },
  {
    "value": "latte macchiato",
    "synonyms": [
      "latte macchiato"
    ]
  },
  {
    "value": "latte",
    "synonyms": [
      "latte"
    ]
  },
  {
    "value": "lemonade",
    "synonyms": [
      "lemonade"
    ]
  },
  {
    "value": "liqueur",
    "synonyms": [
      "liqueur"
    ]
  },
  {
    "value": "low alcohol beer",
    "synonyms": [
      "low alcohol beer"
    ]
  },
  {
    "value": "macchiato",
    "synonyms": [
      "macchiato"
    ]
  },
  {
    "value": "mai tai",
    "synonyms": [
      "mai tai"
    ]
  },
  {
    "value": "mango smoothie",
    "synonyms": [
      "mango smoothie"
    ]
  },
  {
    "value": "manhattan",
    "synonyms": [
      "manhattan"
    ]
  },
  {
    "value": "margarita",
    "synonyms": [
      "margarita"
    ]
  },
  {
    "value": "martinez",
    "synonyms": [
      "martinez"
    ]
  },
  {
    "value": "martini",
    "synonyms": [
      "martini"
    ]
  },
  {
    "value": "masala chai latte",
    "synonyms": [
      "masala chai latte"
    ]
  },
  {
    "value": "matcha",
    "synonyms": [
      "matcha"
    ]
  },
  {
    "value": "milk",
    "synonyms": [
      "milk"
    ]
  },
  {
    "value": "milkshake",
    "synonyms": [
      "milkshake",
      "milk shake"
    ]
  },
  {
    "value": "mint julep",
    "synonyms": [
      "mint julep"
    ]
  },
  {
    "value": "moccaccino",
    "synonyms": [
      "moccaccino"
    ]
  },
  {
    "value": "mocha latte",
    "synonyms": [
      "mocha latte"
    ]
  },
  {
    "value": "mocha",
    "synonyms": [
      "mocha"
    ]
  },
  {
    "value": "mojito",
    "synonyms": [
      "mojito"
    ]
  },
  {
    "value": "mountain dew",
    "synonyms": [
      "mountain dew",
      "mtn dew"
    ]
  },
  {
    "value": "negroni",
    "synonyms": [
      "negroni"
    ]
  },
  {
    "value": "non alcoholic beer",
    "synonyms": [
      "non alcoholic beer"
    ]
  },
  {
    "value": "non alcoholic cocktail",
    "synonyms": [
      "non alcoholic cocktail",
      "mocktail",
      "mocktails",
      "alcohol free cocktail"
    ]
  },
  {
    "value": "old fashioned",
    "synonyms": [
      "old fashioned"
    ]
  },
  {
    "value": "oolong tea",
    "synonyms": [
      "oolong tea"
    ]
  },
  {
    "value": "orange juice",
    "synonyms": [
      "orange juice"
    ]
  },
  {
    "value": "peppermint tea",
    "synonyms": [
      "peppermint tea"
    ]
  },
  {
    "value": "pepsi",
    "synonyms": [
      "pepsi",
      "pepsi cola",
      "pepsi-cola"
    ]
  },
  {
    "value": "pina colada",
    "synonyms": [
      "pina colada"
    ]
  },
  {
    "value": "pisco sour",
    "synonyms": [
      "pisco sour"
    ]
  },
  {
    "value": "port wine",
    "synonyms": [
      "port wine"
    ]
  },
  {
    "value": "pu erh tea",
    "synonyms": [
      "pu erh tea",
      "pu-erh tea",
      "pu erh"
    ]
  },
  {
    "value": "ramos gin fizz",
    "synonyms": [
      "ramos gin fizz"
    ]
  },
  {
    "value": "red wine",
    "synonyms": [
      "red wine"
    ]
  },
  {
    "value": "rice milk",
    "synonyms": [
      "rice milk"
    ]
  },
  {
    "value": "rooibos",
    "synonyms": [
      "rooibos",
      "rooibos tea"
    ]
  },
  {
    "value": "rum",
    "synonyms": [
      "rum"
    ]
  },
  {
    "value": "sazerac",
    "synonyms": [
      "sazerac"
    ]
  },
  {
    "value": "schweppes",
    "synonyms": [
      "schweppes",
      " schweppes soda"
    ]
  },
  {
    "value": "shirley temple cocktail",
    "synonyms": [
      "shirley temple cocktail"
    ]
  },
  {
    "value": "sidecar",
    "synonyms": [
      "sidecar"
    ]
  },
  {
    "value": "smoothie",
    "synonyms": [
      "smoothie"
    ]
  },
  {
    "value": "soda pop",
    "synonyms": [
      "soda pop"
    ]
  },
  {
    "value": "soda",
    "synonyms": [
      "soda"
    ]
  },
  {
    "value": "soft drink",
    "synonyms": [
      "soft drink"
    ]
  },
  {
    "value": "soy milk",
    "synonyms": [
      "soy milk"
    ]
  },
  {
    "value": "sparkling water",
    "synonyms": [
      "sparkling water"
    ]
  },
  {
    "value": "sparkling wine",
    "synonyms": [
      "sparkling wine"
    ]
  },
  {
    "value": "sprite",
    "synonyms": [
      "sprite"
    ]
  },
  {
    "value": "strawberry milk",
    "synonyms": [
      "strawberry milk"
    ]
  },
  {
    "value": "tea",
    "synonyms": [
      "tea"
    ]
  },
  {
    "value": "tequila",
    "synonyms": [
      "tequila"
    ]
  },
  {
    "value": "tomato juice",
    "synonyms": [
      "tomato juice"
    ]
  },
  {
    "value": "turkish coffee",
    "synonyms": [
      "turkish coffee"
    ]
  },
  {
    "value": "vienna coffee",
    "synonyms": [
      "vienna coffee"
    ]
  },
  {
    "value": "vietnamese coffee",
    "synonyms": [
      "vietnamese coffee"
    ]
  },
  {
    "value": "vieux carré",
    "synonyms": [
      "vieux carré"
    ]
  },
  {
    "value": "vodka",
    "synonyms": [
      "vodka"
    ]
  },
  {
    "value": "water",
    "synonyms": [
      "water",
      "mineral water"
    ]
  },
  {
    "value": "whiskey sour",
    "synonyms": [
      "whiskey sour"
    ]
  },
  {
    "value": "whisky",
    "synonyms": [
      "whisky"
    ]
  },
  {
    "value": "white tea",
    "synonyms": [
      "white tea"
    ]
  },
  {
    "value": "white wine",
    "synonyms": [
      "white wine"
    ]
  },
  {
    "value": "wine",
    "synonyms": [
      "wine"
    ]
  },
  {
    "value": "yellow tea",
    "synonyms": [
      "yellow tea"
    ]
  },
  {
    "value": "drinking milk",
    "synonyms": [
      "drinking milk"
    ]
  },
  {
    "value": "whiskey",
    "synonyms": [
      "whiskey"
    ]
  }
]