[
  {
    "value": "almond",
    "synonyms": [
      "almond"
    ]
  },
  {
    "value": "apple",
    "synonyms": [
      "apple"
    ]
  },
  {
    "value": "avocado",
    "synonyms": [
      "avocado",
      "avocados"
    ]
  },
  {
    "value": "banana",
    "synonyms": [
      "banana"
    ]
  },
  {
    "value": "butter",
    "synonyms": [
      "butter"
    ]
  },
  {
    "value": "bread",
    "synonyms": [
      "bread"
    ]
  },
  {
    "value": "carrot",
    "synonyms": [
      "carrot"
    ]
  },
  {
    "value": "cheddar cheese",
    "synonyms": [
      "cheddar cheese"
    ]
  },
  {
    "value": "cheese",
    "synonyms": [
      "cheese"
    ]
  },
  {
    "value": "chicken breast",
    "synonyms": [
      "chicken breast"
    ]
  },
  {
    "value": "chicken",
    "synonyms": [
      "chicken"
    ]
  },
  {
    "value": "chocolate",
    "synonyms": [
      "chocolate"
    ]
  },
  {
    "value": "corn",
    "synonyms": [
      "corn"
    ]
  },
  {
    "value": "crab legs",
    "synonyms": [
      "crab legs"
    ]
  },
  {
    "value": "cucumber",
    "synonyms": [
      "cucumber"
    ]
  },
  {
    "value": "egg",
    "synonyms": [
      "egg"
    ]
  },
  {
    "value": "grapes",
    "synonyms": [
      "grapes"
    ]
  },
  {
    "value": "guava",
    "synonyms": [
      "guava"
    ]
  },
  {
    "value": "honey",
    "synonyms": [
      "honey"
    ]
  },
  {
    "value": "macaroni",
    "synonyms": [
      "macaroni"
    ]
  },
  {
    "value": "mango",
    "synonyms": [
      "mango"
    ]
  },
  {
    "value": "mushroom",
    "synonyms": [
      "mushroom",
      "mushrooms"
    ]
  },
  {
    "value": "nut",
    "synonyms": [
      "nut",
      "nuts"
    ]
  },
  {
    "value": "olive oil",
    "synonyms": [
      "olive oil"
    ]
  },
  {
    "value": "orange",
    "synonyms": [
      "orange",
      "oranges"
    ]
  },
  {
    "value": "papaya",
    "synonyms": [
      "papaya"
    ]
  },
  {
    "value": "peanut butter",
    "synonyms": [
      "peanut butter"
    ]
  },
  {
    "value": "peanut",
    "synonyms": [
      "peanut"
    ]
  },
  {
    "value": "pear",
    "synonyms": [
      "pear"
    ]
  },
  {
    "value": "pecans",
    "synonyms": [
      "pecans"
    ]
  },
  {
    "value": "potato",
    "synonyms": [
      "potato"
    ]
  },
  {
    "value": "porridge",
    "synonyms": [
      "porridge"
    ]
  },
  {
    "value": "rice",
    "synonyms": [
      "rice"
    ]
  },
  {
    "value": "salmon",
    "synonyms": [
      "salmon"
    ]
  },
  {
    "value": "spaghetti squash",
    "synonyms": [
      "spaghetti squash"
    ]
  },
  {
    "value": "tomato",
    "synonyms": [
      "tomato"
    ]
  },
  {
    "value": "watermelon",
    "synonyms": [
      "watermelon"
    ]
  },
  {
    "value": "wheat",
    "synonyms": [
      "wheat"
    ]
  },
  {
    "value": "yogurt",
    "synonyms": [
      "yogurt",
      "yoghurt",
      "yoghourt"
    ]
  }
]