[
  {
    "value": "Alpha Carotene",
    "synonyms": [
      "Alpha Carotene"
    ]
  },
  {
    "value": "Alpha-linolenic Acid",
    "synonyms": [
      "Alpha-linolenic Acid"
    ]
  },
  {
    "value": "Amino Acids",
    "synonyms": [
      "Amino Acids"
    ]
  },
  {
    "value": "Amylopectin",
    "synonyms": [
      "Amylopectin"
    ]
  },
  {
    "value": "Amylose",
    "synonyms": [
      "Amylose"
    ]
  },
  {
    "value": "Arachidic Acid",
    "synonyms": [
      "Arachidic Acid"
    ]
  },
  {
    "value": "Arachidonic Acid",
    "synonyms": [
      "Arachidonic Acid"
    ]
  },
  {
    "value": "Arginine",
    "synonyms": [
      "Arginine"
    ]
  },
  {
    "value": "Asparagine",
    "synonyms": [
      "Asparagine"
    ]
  },
  {
    "value": "Aspartate",
    "synonyms": [
      "Aspartate"
    ]
  },
  {
    "value": "Aspartic Acid",
    "synonyms": [
      "Aspartic Acid"
    ]
  },
  {
    "value": "Behenic Acid",
    "synonyms": [
      "Behenic Acid"
    ]
  },
  {
    "value": "Beta Carotene",
    "synonyms": [
      "Beta Carotene"
    ]
  },
  {
    "value": "Betaine",
    "synonyms": [
      "Betaine"
    ]
  },
  {
    "value": "Biotin",
    "synonyms": [
      "Biotin"
    ]
  },
  {
    "value": "Boron",
    "synonyms": [
      "Boron"
    ]
  },
  {
    "value": "Branched Chain Amino Acid",
    "synonyms": [
      "Branched Chain Amino Acid"
    ]
  },
  {
    "value": "Butyric Acid",
    "synonyms": [
      "Butyric Acid"
    ]
  },
  {
    "value": "Calcium",
    "synonyms": [
      "Calcium"
    ]
  },
  {
    "value": "Calories",
    "synonyms": [
      "Calories"
    ]
  },
  {
    "value": "Capric Acid",
    "synonyms": [
      "Capric Acid"
    ]
  },
  {
    "value": "Caproic Acid",
    "synonyms": [
      "Caproic Acid"
    ]
  },
  {
    "value": "Caprylic Acid",
    "synonyms": [
      "Caprylic Acid"
    ]
  },
  {
    "value": "Carbohydrate",
    "synonyms": [
      "Carbohydrate",
      "Carbohydrates"
    ]
  },
  {
    "value": "Carbon",
    "synonyms": [
      "Carbon"
    ]
  },
  {
    "value": "Carotenoids",
    "synonyms": [
      "Carotenoids"
    ]
  },
  {
    "value": "Cerotic Acid",
    "synonyms": [
      "Cerotic Acid"
    ]
  },
  {
    "value": "Cervonic Acid",
    "synonyms": [
      "Cervonic Acid"
    ]
  },
  {
    "value": "Chloride",
    "synonyms": [
      "Chloride"
    ]
  },
  {
    "value": "Cholesterol",
    "synonyms": [
      "Cholesterol"
    ]
  },
  {
    "value": "Choline",
    "synonyms": [
      "Choline"
    ]
  },
  {
    "value": "Choline",
    "synonyms": [
      "Choline",
      "Vitamin Bp"
    ]
  },
  {
    "value": "Chromium",
    "synonyms": [
      "Chromium"
    ]
  },
  {
    "value": "Clupanodonic Acid",
    "synonyms": [
      "Clupanodonic Acid"
    ]
  },
  {
    "value": "Cobalt",
    "synonyms": [
      "Cobalt"
    ]
  },
  {
    "value": "Copper",
    "synonyms": [
      "Copper"
    ]
  },
  {
    "value": "Cryptoxanthin",
    "synonyms": [
      "Cryptoxanthin"
    ]
  },
  {
    "value": "Cyanocobalamin",
    "synonyms": [
      "Cyanocobalamin"
    ]
  },
  {
    "value": "Cystine",
    "synonyms": [
      "Cystine"
    ]
  },
  {
    "value": "Eicosen",
    "synonyms": [
      "Eicosen"
    ]
  },
  {
    "value": "Ergadenylic Acid",
    "synonyms": [
      "Ergadenylic Acid"
    ]
  },
  {
    "value": "Erucic Acid",
    "synonyms": [
      "Erucic Acid"
    ]
  },
  {
    "value": "Fat",
    "synonyms": [
      "Fat"
    ]
  },
  {
    "value": "Fiber",
    "synonyms": [
      "Fiber"
    ]
  },
  {
    "value": "Fluoride",
    "synonyms": [
      "Fluoride"
    ]
  },
  {
    "value": "Folate",
    "synonyms": [
      "Folate"
    ]
  },
  {
    "value": "Folic Acid",
    "synonyms": [
      "Folic Acid"
    ]
  },
  {
    "value": "Fructose",
    "synonyms": [
      "Fructose"
    ]
  },
  {
    "value": "Galactose",
    "synonyms": [
      "Galactose"
    ]
  },
  {
    "value": "Glucose",
    "synonyms": [
      "Glucose"
    ]
  },
  {
    "value": "Glutamate",
    "synonyms": [
      "Glutamate"
    ]
  },
  {
    "value": "Glutamic Acid",
    "synonyms": [
      "Glutamic Acid"
    ]
  },
  {
    "value": "Glutamine",
    "synonyms": [
      "Glutamine"
    ]
  },
  {
    "value": "Glycine",
    "synonyms": [
      "Glycine"
    ]
  },
  {
    "value": "Heptadecenoic",
    "synonyms": [
      "Heptadecenoic"
    ]
  },
  {
    "value": "Histidine",
    "synonyms": [
      "Histidine"
    ]
  },
  {
    "value": "Hydrogen",
    "synonyms": [
      "Hydrogen"
    ]
  },
  {
    "value": "Incomplete Proteins",
    "synonyms": [
      "Incomplete Proteins"
    ]
  },
  {
    "value": "Iodine",
    "synonyms": [
      "Iodine"
    ]
  },
  {
    "value": "Iron",
    "synonyms": [
      "Iron"
    ]
  },
  {
    "value": "Isoleucine",
    "synonyms": [
      "Isoleucine"
    ]
  },
  {
    "value": "La- an Essential Fatty Acid",
    "synonyms": [
      "La- an Essential Fatty Acid"
    ]
  },
  {
    "value": "Lactose",
    "synonyms": [
      "Lactose"
    ]
  },
  {
    "value": "Lauric Acid",
    "synonyms": [
      "Lauric Acid"
    ]
  },
  {
    "value": "Leucine",
    "synonyms": [
      "Leucine"
    ]
  },
  {
    "value": "Lignoceric Acid",
    "synonyms": [
      "Lignoceric Acid"
    ]
  },
  {
    "value": "Linoleic Acid",
    "synonyms": [
      "Linoleic Acid"
    ]
  },
  {
    "value": "Lutein",
    "synonyms": [
      "Lutein"
    ]
  },
  {
    "value": "Lycopene",
    "synonyms": [
      "Lycopene"
    ]
  },
  {
    "value": "Lysine",
    "synonyms": [
      "Lysine"
    ]
  },
  {
    "value": "Magnesium",
    "synonyms": [
      "Magnesium"
    ]
  },
  {
    "value": "Maltose",
    "synonyms": [
      "Maltose"
    ]
  },
  {
    "value": "Manganese",
    "synonyms": [
      "Manganese"
    ]
  },
  {
    "value": "Margaric Acid",
    "synonyms": [
      "Margaric Acid"
    ]
  },
  {
    "value": "Methionine",
    "synonyms": [
      "Methionine"
    ]
  },
  {
    "value": "Molybdenum",
    "synonyms": [
      "Molybdenum"
    ]
  },
  {
    "value": "Monounsaturated Fat",
    "synonyms": [
      "Monounsaturated Fat"
    ]
  },
  {
    "value": "Myristic Acid",
    "synonyms": [
      "Myristic Acid"
    ]
  },
  {
    "value": "Myristol",
    "synonyms": [
      "Myristol"
    ]
  },
  {
    "value": "Nervonic Acid",
    "synonyms": [
      "Nervonic Acid"
    ]
  },
  {
    "value": "Niacin",
    "synonyms": [
      "Niacin"
    ]
  },
  {
    "value": "Nitrogen",
    "synonyms": [
      "Nitrogen"
    ]
  },
  {
    "value": "Oleic Acid",
    "synonyms": [
      "Oleic Acid"
    ]
  },
  {
    "value": "Omega-3 Fatty Acid",
    "synonyms": [
      "Omega-3 Fatty Acid"
    ]
  },
  {
    "value": "Omega-6 Fatty Acid",
    "synonyms": [
      "Omega-6 Fatty Acid"
    ]
  },
  {
    "value": "Oxygen",
    "synonyms": [
      "Oxygen"
    ]
  },
  {
    "value": "Palmitic Acid",
    "synonyms": [
      "Palmitic Acid"
    ]
  },
  {
    "value": "Palmitoyl",
    "synonyms": [
      "Palmitoyl"
    ]
  },
  {
    "value": "Pantothenic Acid",
    "synonyms": [
      "Pantothenic Acid"
    ]
  },
  {
    "value": "Pentadecanoic Acid",
    "synonyms": [
      "Pentadecanoic Acid"
    ]
  },
  {
    "value": "Pentadecenoic",
    "synonyms": [
      "Pentadecenoic"
    ]
  },
  {
    "value": "Phenylalanine",
    "synonyms": [
      "Phenylalanine"
    ]
  },
  {
    "value": "Phosphorus",
    "synonyms": [
      "Phosphorus"
    ]
  },
  {
    "value": "Polyunsaturated Fat",
    "synonyms": [
      "Polyunsaturated Fat"
    ]
  },
  {
    "value": "Polyunsaturated Fats",
    "synonyms": [
      "Polyunsaturated Fats"
    ]
  },
  {
    "value": "Potassium",
    "synonyms": [
      "Potassium"
    ]
  },
  {
    "value": "Proline",
    "synonyms": [
      "Proline"
    ]
  },
  {
    "value": "Protein",
    "synonyms": [
      "Protein"
    ]
  },
  {
    "value": "Pyridoxal",
    "synonyms": [
      "Pyridoxal"
    ]
  },
  {
    "value": "Pyridoxamine",
    "synonyms": [
      "Pyridoxamine"
    ]
  },
  {
    "value": "Pyridoxine",
    "synonyms": [
      "Pyridoxine"
    ]
  },
  {
    "value": "Retinol",
    "synonyms": [
      "Retinol"
    ]
  },
  {
    "value": "Riboflavin",
    "synonyms": [
      "Riboflavin"
    ]
  },
  {
    "value": "Ribose",
    "synonyms": [
      "Ribose"
    ]
  },
  {
    "value": "Saturated Fat",
    "synonyms": [
      "Saturated Fat",
      "Saturated Fats"
    ]
  },
  {
    "value": "Selenium",
    "synonyms": [
      "Selenium"
    ]
  },
  {
    "value": "Serine",
    "synonyms": [
      "Serine"
    ]
  },
  {
    "value": "Silicon",
    "synonyms": [
      "Silicon"
    ]
  },
  {
    "value": "Sodium",
    "synonyms": [
      "Sodium"
    ]
  },
  {
    "value": "Standard Amino Acids",
    "synonyms": [
      "Standard Amino Acids"
    ]
  },
  {
    "value": "Stearic Acid",
    "synonyms": [
      "Stearic Acid"
    ]
  },
  {
    "value": "Stearidonic Acid",
    "synonyms": [
      "Stearidonic Acid"
    ]
  },
  {
    "value": "Sucrose",
    "synonyms": [
      "Sucrose"
    ]
  },
  {
    "value": "Sugar",
    "synonyms": [
      "Sugar"
    ]
  },
  {
    "value": "Sulfur",
    "synonyms": [
      "Sulfur"
    ]
  },
  {
    "value": "Taurine",
    "synonyms": [
      "Taurine"
    ]
  },
  {
    "value": "Thiamin",
    "synonyms": [
      "Thiamin"
    ]
  },
  {
    "value": "Threonine",
    "synonyms": [
      "Threonine"
    ]
  },
  {
    "value": "Timnodonic Acid",
    "synonyms": [
      "Timnodonic Acid"
    ]
  },
  {
    "value": "Tryptophan",
    "synonyms": [
      "Tryptophan"
    ]
  },
  {
    "value": "Unsaturated Fats",
    "synonyms": [
      "Unsaturated Fats"
    ]
  },
  {
    "value": "Valine",
    "synonyms": [
      "Valine"
    ]
  },
  {
    "value": "Vitamin a",
    "synonyms": [
      "Vitamin a"
    ]
  },
  {
    "value": "Vitamin a",
    "synonyms": [
      "Vitamin a",
      "Retinol"
    ]
  },
  {
    "value": "Vitamin B Complex",
    "synonyms": [
      "Vitamin B Complex"
    ]
  },
  {
    "value": "Vitamin B",
    "synonyms": [
      "Vitamin B",
      "B Vitamins"
    ]
  },
  {
    "value": "Vitamin B1",
    "synonyms": [
      "Vitamin B1",
      "Thiamin"
    ]
  },
  {
    "value": "Vitamin B12",
    "synonyms": [
      "Vitamin B12"
    ]
  },
  {
    "value": "Vitamin B12",
    "synonyms": [
      "Vitamin B12",
      "Cobalamin"
    ]
  },
  {
    "value": "Vitamin B2",
    "synonyms": [
      "Vitamin B2",
      "Riboflavin"
    ]
  },
  {
    "value": "Vitamin B3",
    "synonyms": [
      "Vitamin B3",
      "Niacin"
    ]
  },
  {
    "value": "Vitamin B5",
    "synonyms": [
      "Vitamin B5",
      "Panthotenic Acid"
    ]
  },
  {
    "value": "Vitamin B6",
    "synonyms": [
      "Vitamin B6",
      "Pyridoxin"
    ]
  },
  {
    "value": "Vitamin B7",
    "synonyms": [
      "Vitamin B7",
      "Biotin"
    ]
  },
  {
    "value": "Vitamin B8",
    "synonyms": [
      "Vitamin B8"
    ]
  },
  {
    "value": "Vitamin B9",
    "synonyms": [
      "Vitamin B9",
      "Folic Acid",
      "Folate"
    ]
  },
  {
    "value": "Vitamin C",
    "synonyms": [
      "Vitamin C",
      "Ascorbic Acid"
    ]
  },
  {
    "value": "Vitamin D",
    "synonyms": [
      "Vitamin D",
      "Cholecalciferol"
    ]
  },
  {
    "value": "Vitamin E",
    "synonyms": [
      "Vitamin E",
      "Tocopherol"
    ]
  },
  {
    "value": "Vitamin K",
    "synonyms": [
      "Vitamin K",
      "Naphthoquinones"
    ]
  },
  {
    "value": "Vitamin",
    "synonyms": [
      "Vitamin"
    ]
  },
  {
    "value": "Zeaxanthin",
    "synonyms": [
      "Zeaxanthin"
    ]
  },
  {
    "value": "Zinc",
    "synonyms": [
      "Zinc"
    ]
  },
  {
    "value": "α-linolenic Acid",
    "synonyms": [
      "α-linolenic Acid"
    ]
  }
]