[
  {
    "id": "c9f8ec63-9509-4653-bd80-71216edfdf13",
    "data": [
      {
        "text": "I drank ",
        "userDefined": false
      },
      {
        "text": "1 cup",
        "alias": "quantity",
        "meta": "@quantity",
        "userDefined": false
      },
      {
        "text": " of ",
        "userDefined": false
      },
      {
        "text": "tea",
        "alias": "product",
        "meta": "@product",
        "userDefined": false
      },
      {
        "text": " and ate ",
        "userDefined": false
      },
      {
        "text": "1 bowl",
        "alias": "quantity",
        "meta": "@quantity",
        "userDefined": false
      },
      {
        "text": " of ",
        "userDefined": false
      },
      {
        "text": "porridge",
        "alias": "product",
        "meta": "@product",
        "userDefined": true
      }
    ],
    "isTemplate": false,
    "count": 0,
    "updated": 0
  },
  {
    "id": "56f5c52f-68bb-4902-a302-be23c430c0db",
    "data": [
      {
        "text": "It is ",
        "userDefined": false
      },
      {
        "text": "breakfast",
        "alias": "meal",
        "meta": "@meal",
        "userDefined": false
      },
      {
        "text": " and I\u0027m going to eat ",
        "userDefined": false
      },
      {
        "text": "2",
        "alias": "quantity",
        "meta": "@quantity",
        "userDefined": false
      },
      {
        "text": " ",
        "userDefined": false
      },
      {
        "text": "apples",
        "alias": "product",
        "meta": "@product",
        "userDefined": false
      },
      {
        "text": " and ",
        "userDefined": false
      },
      {
        "text": "1 cup",
        "alias": "quantity",
        "meta": "@quantity",
        "userDefined": false
      },
      {
        "text": " of ",
        "userDefined": false
      },
      {
        "text": "oatmeal",
        "alias": "product",
        "meta": "@product",
        "userDefined": false
      }
    ],
    "isTemplate": false,
    "count": 0,
    "updated": 0
  },
  {
    "id": "4b650079-1efa-44e7-9c7c-9b3dec841cc7",
    "data": [
      {
        "text": "save this to my food diary ",
        "userDefined": false
      },
      {
        "text": "200 gr",
        "alias": "quantity",
        "meta": "@quantity",
        "userDefined": false
      },
      {
        "text": " of ",
        "userDefined": false
      },
      {
        "text": "cheesecake",
        "alias": "product",
        "meta": "@product",
        "userDefined": false
      }
    ],
    "isTemplate": false,
    "count": 0,
    "updated": 0
  },
  {
    "id": "4e67fa0b-db0b-4148-bcb3-4d94d2cdb4c2",
    "data": [
      {
        "text": "I ate ",
        "userDefined": false
      },
      {
        "text": "cream soup",
        "alias": "product",
        "meta": "@product",
        "userDefined": false
      },
      {
        "text": " for my ",
        "userDefined": false
      },
      {
        "text": "lunch",
        "alias": "meal",
        "meta": "@meal",
        "userDefined": false
      }
    ],
    "isTemplate": false,
    "count": 0,
    "updated": 0
  },
  {
    "id": "24baab73-8acd-475e-bb05-15b9f427abe7",
    "data": [
      {
        "text": "I had ",
        "userDefined": false
      },
      {
        "text": "2.5 oz",
        "alias": "quantity",
        "meta": "@quantity",
        "userDefined": true
      },
      {
        "text": " ",
        "userDefined": false
      },
      {
        "text": "chocolate",
        "alias": "product",
        "meta": "@product",
        "userDefined": false
      },
      {
        "text": " for a ",
        "userDefined": false
      },
      {
        "text": "snack",
        "alias": "meal",
        "meta": "@meal",
        "userDefined": false
      }
    ],
    "isTemplate": false,
    "count": 0,
    "updated": 0
  },
  {
    "id": "4984769c-ec70-446c-bfbc-72172318f826",
    "data": [
      {
        "text": "save my meal ",
        "userDefined": false
      },
      {
        "text": "1 cup",
        "alias": "quantity",
        "meta": "@quantity",
        "userDefined": true
      },
      {
        "text": " of ",
        "userDefined": false
      },
      {
        "text": "coffee",
        "alias": "product",
        "meta": "@product",
        "userDefined": false
      },
      {
        "text": " ",
        "userDefined": false
      },
      {
        "text": "3",
        "alias": "quantity",
        "meta": "@quantity",
        "userDefined": false
      },
      {
        "text": " ",
        "userDefined": false
      },
      {
        "text": "eggs",
        "alias": "product",
        "meta": "@product",
        "userDefined": false
      },
      {
        "text": " and ",
        "userDefined": false
      },
      {
        "text": "2",
        "alias": "quantity",
        "meta": "@quantity",
        "userDefined": false
      },
      {
        "text": " ",
        "userDefined": false
      },
      {
        "text": "pancakes",
        "alias": "product",
        "meta": "@product",
        "userDefined": false
      }
    ],
    "isTemplate": false,
    "count": 0,
    "updated": 0
  },
  {
    "id": "1006535a-3b65-49a7-9a9a-1c3176f92e7d",
    "data": [
      {
        "text": "save information about my ",
        "userDefined": false
      },
      {
        "text": "breakfast",
        "alias": "meal",
        "meta": "@meal",
        "userDefined": false
      }
    ],
    "isTemplate": false,
    "count": 0,
    "updated": 0
  },
  {
    "id": "2792ce68-0f27-49fc-a7fc-173a756ad880",
    "data": [
      {
        "text": " I ate ",
        "userDefined": false
      },
      {
        "text": "2",
        "alias": "quantity",
        "meta": "@quantity",
        "userDefined": false
      },
      {
        "text": " ",
        "userDefined": false
      },
      {
        "text": "bananas",
        "alias": "product",
        "meta": "@product",
        "userDefined": false
      }
    ],
    "isTemplate": false,
    "count": 0,
    "updated": 0
  },
  {
    "id": "2b596f00-1522-4cec-aa87-82457f6c27bb",
    "data": [
      {
        "text": "remember what i eat",
        "userDefined": false
      }
    ],
    "isTemplate": false,
    "count": 0,
    "updated": 0
  },
  {
    "id": "36d4ae31-07ad-460e-99ba-ebe05d61213e",
    "data": [
      {
        "text": "save my meal",
        "userDefined": false
      }
    ],
    "isTemplate": false,
    "count": 0,
    "updated": 0
  },
  {
    "id": "c559fa94-7e98-4328-8dd1-0c1899e702f8",
    "data": [
      {
        "text": "track my meals",
        "userDefined": false
      }
    ],
    "isTemplate": false,
    "count": 0,
    "updated": 0
  },
  {
    "id": "0ce49fb6-eebd-46e8-9f81-90a8cd7442f4",
    "data": [
      {
        "text": "food tracking",
        "userDefined": false
      }
    ],
    "isTemplate": false,
    "count": 0,
    "updated": 0
  },
  {
    "id": "8441c936-b444-4e2a-a1a3-931c817f93dd",
    "data": [
      {
        "text": "food diary",
        "userDefined": false
      }
    ],
    "isTemplate": false,
    "count": 0,
    "updated": 0
  },
  {
    "id": "24154ad5-958d-4993-9928-79ad841e5ee2",
    "data": [
      {
        "text": "track food",
        "userDefined": false
      }
    ],
    "isTemplate": false,
    "count": 0,
    "updated": 0
  }
]