[
  {
    "id": "53069dff-5bb3-4fda-806f-dc4f330ac122",
    "data": [
      {
        "text": "nutrition value",
        "userDefined": false
      }
    ],
    "isTemplate": false,
    "count": 0,
    "updated": 0
  },
  {
    "id": "5a7b6291-1944-4f70-bc4e-ce021ad15320",
    "data": [
      {
        "text": "nutritional value of ",
        "userDefined": false
      },
      {
        "text": "corn",
        "alias": "product",
        "meta": "@product",
        "userDefined": false
      }
    ],
    "isTemplate": false,
    "count": 0,
    "updated": 0
  },
  {
    "id": "3ab9686d-0f73-4207-8add-4ee628ab8f5c",
    "data": [
      {
        "text": "avocado",
        "alias": "product",
        "meta": "@product",
        "userDefined": false
      },
      {
        "text": " nutrition information",
        "userDefined": false
      }
    ],
    "isTemplate": false,
    "count": 0,
    "updated": 0
  },
  {
    "id": "93e6d489-29d5-423d-a1c4-5bc31429bbc2",
    "data": [
      {
        "text": "how much ",
        "userDefined": false
      },
      {
        "text": "sugar",
        "alias": "nutrient",
        "meta": "@nutrient",
        "userDefined": false
      },
      {
        "text": " in ",
        "userDefined": false
      },
      {
        "text": "diet coke",
        "alias": "product",
        "meta": "@product",
        "userDefined": false
      }
    ],
    "isTemplate": false,
    "count": 0,
    "updated": 0
  },
  {
    "id": "3a8164cd-6d93-44e1-85cb-6fda24ce3152",
    "data": [
      {
        "text": "how much ",
        "userDefined": false
      },
      {
        "text": "protein",
        "alias": "nutrient",
        "meta": "@nutrient",
        "userDefined": false
      },
      {
        "text": " is in ",
        "userDefined": false
      },
      {
        "text": "3",
        "alias": "quantity",
        "meta": "@quantity",
        "userDefined": false
      },
      {
        "text": " ",
        "userDefined": false
      },
      {
        "text": "eggs",
        "alias": "product",
        "meta": "@product",
        "userDefined": false
      }
    ],
    "isTemplate": false,
    "count": 0,
    "updated": 0
  },
  {
    "id": "8a29d726-ca97-42b9-b887-7888c51064d7",
    "data": [
      {
        "text": "is there any ",
        "userDefined": false
      },
      {
        "text": "iron",
        "alias": "nutrient",
        "meta": "@nutrient",
        "userDefined": false
      },
      {
        "text": " in ",
        "userDefined": false
      },
      {
        "text": "nuts",
        "alias": "product",
        "meta": "@product",
        "userDefined": true
      }
    ],
    "isTemplate": false,
    "count": 0,
    "updated": 0
  },
  {
    "id": "bccc59cf-5808-43a0-b057-618013791f93",
    "data": [
      {
        "text": "calories",
        "alias": "nutrient",
        "meta": "@nutrient",
        "userDefined": false
      },
      {
        "text": " in ",
        "userDefined": false
      },
      {
        "text": "4 oz",
        "alias": "quantity",
        "meta": "@quantity",
        "userDefined": true
      },
      {
        "text": " of steak",
        "userDefined": false
      }
    ],
    "isTemplate": false,
    "count": 0,
    "updated": 0
  },
  {
    "id": "e057b51c-a8e1-4eff-b047-79befcc39548",
    "data": [
      {
        "text": "3.5 oz",
        "alias": "quantity",
        "meta": "@quantity",
        "userDefined": true
      },
      {
        "text": " ",
        "userDefined": false
      },
      {
        "text": "chicken breast",
        "alias": "product",
        "meta": "@product",
        "userDefined": false
      },
      {
        "text": " ",
        "userDefined": false
      },
      {
        "text": "protein",
        "alias": "nutrient",
        "meta": "@nutrient",
        "userDefined": false
      }
    ],
    "isTemplate": false,
    "count": 0,
    "updated": 0
  },
  {
    "id": "45ac6a67-f4b7-4e2e-9562-6d18ebccf3e9",
    "data": [
      {
        "text": "does a kiwi contain ",
        "userDefined": false
      },
      {
        "text": "vitamin A",
        "alias": "nutrient",
        "meta": "@nutrient",
        "userDefined": false
      }
    ],
    "isTemplate": false,
    "count": 0,
    "updated": 0
  },
  {
    "id": "25465396-dfa0-4c44-a8d8-9527b146ea6a",
    "data": [
      {
        "text": "how many ",
        "userDefined": false
      },
      {
        "text": "calories",
        "alias": "nutrient",
        "meta": "@nutrient",
        "userDefined": true
      },
      {
        "text": " is in ",
        "userDefined": false
      },
      {
        "text": "one",
        "alias": "quantity",
        "meta": "@quantity",
        "userDefined": true
      },
      {
        "text": " ",
        "userDefined": false
      },
      {
        "text": "big mac",
        "alias": "product",
        "meta": "@product",
        "userDefined": true
      }
    ],
    "isTemplate": false,
    "count": 0,
    "updated": 0
  },
  {
    "id": "6896066f-d400-458a-a868-c477b161877f",
    "data": [
      {
        "text": "salsa",
        "alias": "product",
        "meta": "@product",
        "userDefined": false
      },
      {
        "text": " nutrition",
        "userDefined": false
      }
    ],
    "isTemplate": false,
    "count": 0,
    "updated": 0
  },
  {
    "id": "fda41f2b-c8f0-4530-9c94-12af13fbdac9",
    "data": [
      {
        "text": "calories",
        "alias": "nutrient",
        "meta": "@nutrient",
        "userDefined": false
      },
      {
        "text": " in ",
        "userDefined": false
      },
      {
        "text": "apple",
        "alias": "product",
        "meta": "@product",
        "userDefined": false
      }
    ],
    "isTemplate": false,
    "count": 0,
    "updated": 0
  },
  {
    "id": "cd82bcdc-fb40-4067-9a48-afc5f8015f94",
    "data": [
      {
        "text": "nutrition analysis",
        "userDefined": false
      }
    ],
    "isTemplate": false,
    "count": 0,
    "updated": 0
  },
  {
    "id": "c1b3da89-845a-435e-a6fb-611b20e646c4",
    "data": [
      {
        "text": "bread",
        "alias": "product",
        "meta": "@product",
        "userDefined": true
      },
      {
        "text": " nutritional info",
        "userDefined": false
      }
    ],
    "isTemplate": false,
    "count": 0,
    "updated": 0
  },
  {
    "id": "e78685fb-2e50-4105-aa08-3319e5bc9d53",
    "data": [
      {
        "text": "nutrition value of ",
        "userDefined": false
      },
      {
        "text": "milk",
        "alias": "product",
        "meta": "@product",
        "userDefined": false
      }
    ],
    "isTemplate": false,
    "count": 0,
    "updated": 0
  },
  {
    "id": "7acf6228-321e-4951-b9b7-589fa5bd59c3",
    "data": [
      {
        "text": "2.5 oz",
        "alias": "quantity",
        "meta": "@quantity",
        "userDefined": true
      },
      {
        "text": " of ",
        "userDefined": false
      },
      {
        "text": "chocolate",
        "alias": "product",
        "meta": "@product",
        "userDefined": false
      },
      {
        "text": " ",
        "userDefined": false
      },
      {
        "text": "fat",
        "alias": "nutrient",
        "meta": "@nutrient",
        "userDefined": false
      }
    ],
    "isTemplate": false,
    "count": 0,
    "updated": 0
  },
  {
    "id": "850ba8b9-68a4-4107-8911-12140607b804",
    "data": [
      {
        "text": "chicken breast",
        "alias": "product",
        "meta": "@product",
        "userDefined": false
      },
      {
        "text": " nutrition",
        "userDefined": false
      }
    ],
    "isTemplate": false,
    "count": 1,
    "updated": 0
  },
  {
    "id": "d0bf8e6b-9d4a-4f38-82c2-c9faecca3255",
    "data": [
      {
        "text": "calories",
        "alias": "nutrient",
        "meta": "@nutrient",
        "userDefined": false
      },
      {
        "text": " in ",
        "userDefined": false
      },
      {
        "text": "200 gr",
        "alias": "quantity",
        "meta": "@quantity",
        "userDefined": true
      },
      {
        "text": " of ",
        "userDefined": false
      },
      {
        "text": "tomatoes",
        "alias": "product",
        "meta": "@product",
        "userDefined": false
      }
    ],
    "isTemplate": false,
    "count": 0,
    "updated": 0
  },
  {
    "id": "c5781126-fe20-4083-bbc2-b1ca22d976b0",
    "data": [
      {
        "text": "how much ",
        "userDefined": false
      },
      {
        "text": "fat",
        "alias": "nutrient",
        "meta": "@nutrient",
        "userDefined": false
      },
      {
        "text": " is in ",
        "userDefined": false
      },
      {
        "text": "a hot dog",
        "alias": "product",
        "meta": "@product",
        "userDefined": false
      }
    ],
    "isTemplate": false,
    "count": 0,
    "updated": 0
  },
  {
    "id": "d262991c-ef91-4fd2-8ab3-f82afda1f9cd",
    "data": [
      {
        "text": "how much ",
        "userDefined": false
      },
      {
        "text": "vitamin A",
        "alias": "nutrient",
        "meta": "@nutrient",
        "userDefined": false
      },
      {
        "text": " in ",
        "userDefined": false
      },
      {
        "text": "carrot",
        "alias": "product",
        "meta": "@product",
        "userDefined": false
      }
    ],
    "isTemplate": false,
    "count": 0,
    "updated": 0
  },
  {
    "id": "7ddc94cd-a625-4ec0-9bf8-db337d60df72",
    "data": [
      {
        "text": "how many ",
        "userDefined": false
      },
      {
        "text": "calories",
        "alias": "nutrient",
        "meta": "@nutrient",
        "userDefined": false
      },
      {
        "text": " does ",
        "userDefined": false
      },
      {
        "text": "1 cup",
        "alias": "quantity",
        "meta": "@quantity",
        "userDefined": true
      },
      {
        "text": " of ",
        "userDefined": false
      },
      {
        "text": "coffee",
        "alias": "product",
        "meta": "@product",
        "userDefined": false
      },
      {
        "text": " have",
        "userDefined": false
      }
    ],
    "isTemplate": false,
    "count": 0,
    "updated": 0
  },
  {
    "id": "707c1bf4-2da4-46f6-9ca8-e97d06748215",
    "data": [
      {
        "text": "nutritional information",
        "userDefined": false
      }
    ],
    "isTemplate": false,
    "count": 0,
    "updated": 0
  },
  {
    "id": "47869ebb-ad07-42c7-a4da-7e33d58ccb0f",
    "data": [
      {
        "text": "are there any ",
        "userDefined": false
      },
      {
        "text": "vitamins",
        "alias": "nutrient",
        "meta": "@nutrient",
        "userDefined": false
      },
      {
        "text": " in ",
        "userDefined": false
      },
      {
        "text": "water",
        "alias": "product",
        "meta": "@product",
        "userDefined": false
      }
    ],
    "isTemplate": false,
    "count": 0,
    "updated": 0
  },
  {
    "id": "2fca550f-5c32-4000-ada7-3220f8edc682",
    "data": [
      {
        "text": "what\u0027s nutrition value for ",
        "userDefined": false
      },
      {
        "text": "yogurt",
        "alias": "product",
        "meta": "@product",
        "userDefined": false
      }
    ],
    "isTemplate": false,
    "count": 0,
    "updated": 0
  },
  {
    "id": "89052533-0bc4-438c-8ce3-75e9de4bed02",
    "data": [
      {
        "text": "is there any ",
        "userDefined": false
      },
      {
        "text": "Vitamin A",
        "alias": "nutrient",
        "meta": "@nutrient",
        "userDefined": false
      },
      {
        "text": " in a ",
        "userDefined": false
      },
      {
        "text": "banana",
        "alias": "product",
        "meta": "@product",
        "userDefined": false
      }
    ],
    "isTemplate": false,
    "count": 0,
    "updated": 0
  },
  {
    "id": "60c6e0f1-0873-4778-a5e2-a6cd645b4ce2",
    "data": [
      {
        "text": "give me nutrition facts for an ",
        "userDefined": false
      },
      {
        "text": "apple",
        "alias": "product",
        "meta": "@product",
        "userDefined": false
      }
    ],
    "isTemplate": false,
    "count": 0,
    "updated": 0
  },
  {
    "id": "14e69692-a403-4638-8392-5e3264c5bca6",
    "data": [
      {
        "text": "how many ",
        "userDefined": false
      },
      {
        "text": "calories",
        "alias": "nutrient",
        "meta": "@nutrient",
        "userDefined": false
      },
      {
        "text": " does ",
        "userDefined": false
      },
      {
        "text": "diet coke",
        "alias": "product",
        "meta": "@product",
        "userDefined": false
      },
      {
        "text": " have",
        "userDefined": false
      }
    ],
    "isTemplate": false,
    "count": 0,
    "updated": 0
  },
  {
    "id": "2a43ca57-eadd-45e8-8bcd-8d2fcf65ab17",
    "data": [
      {
        "text": "does ",
        "userDefined": false
      },
      {
        "text": "soda",
        "alias": "product",
        "meta": "@product",
        "userDefined": false
      },
      {
        "text": " have any nutritional value",
        "userDefined": false
      }
    ],
    "isTemplate": false,
    "count": 0,
    "updated": 0
  },
  {
    "id": "c1d0cac0-08b4-4bb4-aa4d-5a120f447936",
    "data": [
      {
        "text": "what nutrition do you get from ",
        "userDefined": false
      },
      {
        "text": "milk",
        "alias": "product",
        "meta": "@product",
        "userDefined": false
      }
    ],
    "isTemplate": false,
    "count": 0,
    "updated": 0
  },
  {
    "id": "b403a34c-db4a-4f2c-8800-b7d414884f9d",
    "data": [
      {
        "text": "how many calories does ",
        "userDefined": false
      },
      {
        "text": "1 cup",
        "alias": "quantity",
        "meta": "@quantity",
        "userDefined": true
      },
      {
        "text": " of ",
        "userDefined": false
      },
      {
        "text": "milkshake",
        "alias": "product",
        "meta": "@product",
        "userDefined": true
      },
      {
        "text": " have",
        "userDefined": false
      }
    ],
    "isTemplate": false,
    "count": 1,
    "updated": 0
  }
]